Workbook

Sheet Sample ID
D2: Complete this first | H2: Assay ID
D5: No | E5: Sample Description | F5: Diluton Factor | H5: Date | I5: 45975 | W5: 12
D6: A 1-6 | E6: 484 | F6: 1 | H6: AssayID | I6: 48h
D7: B 1-6 | E7: 548 | F7: 1 | H7: CultNo | I7: -
D8: C1-6 | E8: 716 | F8: 1 | H8: Supernatant Treatment | I8: NA
D9: D 1-6 | E9: 824 | F9: 1 | H9: PlasticType | I9: PCL (6.9mg/ml)
D10: E 1-6 | E10: 437 | F10: 1 | H10: Yeast | I10: D8T3
D11: F 1-6 | F11: 0 | H11: Media | I11: CSL (different cultivations combined)
D12: G 1-6 | F12: 0
D13: H 1-6 | F13: 0 | H13: Notes
D14: A 7-12 | F14: 0
D15: B 7-12 | F15: 0 | H15: Checking activity of new cultivation in CSL media compared to a concentrate
D16: C7-12 | F16: 0
D17: D 7-12
D18: E 7-12
D19: F 7-12
D20: G 7-12
D21: H 7-12
D24: Labelling Convention | H24: Reslts
D26: Each well on the 96-well plate is labeled according to this structure: Sx_By_Tz | H26: Concentration worked delivering final activity of ~5U/mL
D32: x = sample number (e.g., S1 = YPD 48h 60x, S2 = control)
D34: y = biological replicate number (1–3)
D36: z = technical replicate number (1–2)

Sheet Data
A2: User: USER
A3: Path: C:\Program Files (x86)\BMG\SPECTROstar Nano\User\Data
A4: Test ID: 87
A5: Test Name: Polyesterase assay_Kinetic
A6: Date: 2025/11/25
A7: Time: 13:35:44
A8: Absorbance | D8: Absorbance values are displayed as OD
A12: Cycle 1 (0 min)
B13: Raw Data (595)
B14: 1 | C14: 2 | D14: 3 | E14: 4 | F14: 5 | G14: 6 | H14: 7 | I14: 8 | J14: 9 | K14: 10 | L14: 11 | M14: 12
A15: A | B15: 1.971 | C15: 1.97 | D15: 1.999 | E15: 1.971 | F15: 1.97 | G15: 1.999
A16: B | B16: 1.963 | C16: 1.96 | D16: 1.972 | E16: 1.963 | F16: 1.96 | G16: 1.972
A17: C | B17: 1.979 | C17: 2 | D17: 2.027 | E17: 1.979 | F17: 2 | G17: 2.027
A18: D | B18: 2.05 | C18: 2.047 | D18: 2.055 | E18: 2.05 | F18: 2.047 | G18: 2.055
A19: E | B19: 2.091 | C19: 2.067 | D19: 2.089 | E19: 2.091 | F19: 2.067 | G19: 2.089
A20: F | B20: 1.897 | C20: 1.934 | D20: 1.895 | E20: 1.897 | F20: 1.934 | G20: 1.895
A21: G | B21: 1.907 | C21: 1.902 | D21: 1.914 | E21: 1.907 | F21: 1.902 | G21: 1.914
A22: H
A24: Cycle 2 (5 min)
B25: Raw Data (595) | E25: Raw Data (595)
B26: 1 | C26: 2 | D26: 3 | E26: 1 | F26: 2 | G26: 3 | H26: 7 | I26: 8 | J26: 9 | K26: 10 | L26: 11 | M26: 12
A27: A | B27: 1.959 | C27: 1.955 | D27: 1.977 | E27: 1.959 | F27: 1.955 | G27: 1.977
A28: B | B28: 1.972 | C28: 1.983 | D28: 1.989 | E28: 1.972 | F28: 1.983 | G28: 1.989
A29: C | B29: 1.985 | C29: 2.005 | D29: 2.019 | E29: 1.985 | F29: 2.005 | G29: 2.019
A30: D | B30: 2.154 | C30: 2.149 | D30: 2.159 | E30: 2.154 | F30: 2.149 | G30: 2.159
A31: E | B31: 2.154 | C31: 2.142 | D31: 2.128 | E31: 2.154 | F31: 2.142 | G31: 2.128
A32: F | B32: 1.838 | C32: 1.883 | D32: 1.844 | E32: 1.838 | F32: 1.883 | G32: 1.844
A33: G | B33: 1.871 | C33: 1.88 | D33: 1.89 | E33: 1.871 | F33: 1.88 | G33: 1.89
A34: H
A36: Cycle 3 (10 min)
B37: Raw Data (595) | E37: Raw Data (595)
B38: 1 | C38: 2 | D38: 3 | E38: 1 | F38: 2 | G38: 3 | H38: 7 | I38: 8 | J38: 9 | K38: 10 | L38: 11 | M38: 12
A39: A | B39: 1.963 | C39: 1.956 | D39: 1.986 | E39: 1.963 | F39: 1.956 | G39: 1.986
A40: B | B40: 1.984 | C40: 1.998 | D40: 2.007 | E40: 1.984 | F40: 1.998 | G40: 2.007
A41: C | B41: 2.001 | C41: 2.018 | D41: 2.027 | E41: 2.001 | F41: 2.018 | G41: 2.027
A42: D | B42: 2.197 | C42: 2.218 | D42: 2.204 | E42: 2.197 | F42: 2.218 | G42: 2.204
A43: E | B43: 2.171 | C43: 2.161 | D43: 2.167 | E43: 2.171 | F43: 2.161 | G43: 2.167
A44: F | B44: 1.783 | C44: 1.823 | D44: 1.773 | E44: 1.783 | F44: 1.823 | G44: 1.773
A45: G | B45: 1.856 | C45: 1.851 | D45: 1.871 | E45: 1.856 | F45: 1.851 | G45: 1.871
A46: H
A48: Cycle 4 (15 min)
B49: Raw Data (595) | E49: Raw Data (595)
B50: 1 | C50: 2 | D50: 3 | E50: 1 | F50: 2 | G50: 3 | H50: 7 | I50: 8 | J50: 9 | K50: 10 | L50: 11 | M50: 12
A51: A | B51: 1.966 | C51: 1.958 | D51: 1.967 | E51: 1.966 | F51: 1.958 | G51: 1.967
A52: B | B52: 1.993 | C52: 2.001 | D52: 2.003 | E52: 1.993 | F52: 2.001 | G52: 2.003
A53: C | B53: 2.002 | C53: 2.017 | D53: 2.037 | E53: 2.002 | F53: 2.017 | G53: 2.037
A54: D | B54: 2.248 | C54: 2.237 | D54: 2.236 | E54: 2.248 | F54: 2.237 | G54: 2.236
A55: E | B55: 2.185 | C55: 2.184 | D55: 2.184 | E55: 2.185 | F55: 2.184 | G55: 2.184
A56: F | B56: 1.718 | C56: 1.76 | D56: 1.703 | E56: 1.718 | F56: 1.76 | G56: 1.703
A57: G | B57: 1.82 | C57: 1.822 | D57: 1.836 | E57: 1.82 | F57: 1.822 | G57: 1.836
A58: H
A60: Cycle 5 (20 min)
B61: Raw Data (595) | E61: Raw Data (595)
B62: 1 | C62: 2 | D62: 3 | E62: 1 | F62: 2 | G62: 3 | H62: 7 | I62: 8 | J62: 9 | K62: 10 | L62: 11 | M62: 12
A63: A | B63: 1.948 | C63: 1.936 | D63: 1.961 | E63: 1.948 | F63: 1.936 | G63: 1.961
A64: B | B64: 1.988 | C64: 1.995 | D64: 2 | E64: 1.988 | F64: 1.995 | G64: 2
A65: C | B65: 2.004 | C65: 2.012 | D65: 2.035 | E65: 2.004 | F65: 2.012 | G65: 2.035
A66: D | B66: 2.24 | C66: 2.246 | D66: 2.243 | E66: 2.24 | F66: 2.246 | G66: 2.243
A67: E | B67: 2.171 | C67: 2.18 | D67: 2.185 | E67: 2.171 | F67: 2.18 | G67: 2.185
A68: F | B68: 1.656 | C68: 1.689 | D68: 1.631 | E68: 1.656 | F68: 1.689 | G68: 1.631
A69: G | B69: 1.778 | C69: 1.792 | D69: 1.796 | E69: 1.778 | F69: 1.792 | G69: 1.796
A70: H
A72: Cycle 6 (25 min)
B73: Raw Data (595) | E73: Raw Data (595)
B74: 1 | C74: 2 | D74: 3 | E74: 1 | F74: 2 | G74: 3 | H74: 7 | I74: 8 | J74: 9 | K74: 10 | L74: 11 | M74: 12
A75: A | B75: 1.944 | C75: 1.924 | D75: 1.953 | E75: 1.944 | F75: 1.924 | G75: 1.953
A76: B | B76: 1.986 | C76: 1.99 | D76: 1.994 | E76: 1.986 | F76: 1.99 | G76: 1.994
A77: C | B77: 2.009 | C77: 2.013 | D77: 2.024 | E77: 2.009 | F77: 2.013 | G77: 2.024
A78: D | B78: 2.238 | C78: 2.242 | D78: 2.247 | E78: 2.238 | F78: 2.242 | G78: 2.247
A79: E | B79: 2.171 | C79: 2.18 | D79: 2.195 | E79: 2.171 | F79: 2.18 | G79: 2.195
A80: F | B80: 1.606 | C80: 1.628 | D80: 1.565 | E80: 1.606 | F80: 1.628 | G80: 1.565
A81: G | B81: 1.76 | C81: 1.756 | D81: 1.767 | E81: 1.76 | F81: 1.756 | G81: 1.767
A82: H
A84: Cycle 7 (30 min)
B85: Raw Data (595) | E85: Raw Data (595)
B86: 1 | C86: 2 | D86: 3 | E86: 1 | F86: 2 | G86: 3 | H86: 7 | I86: 8 | J86: 9 | K86: 10 | L86: 11 | M86: 12
A87: A | B87: 1.935 | C87: 1.918 | D87: 1.952 | E87: 1.935 | F87: 1.918 | G87: 1.952
A88: B | B88: 1.988 | C88: 1.998 | D88: 2.003 | E88: 1.988 | F88: 1.998 | G88: 2.003
A89: C | B89: 2.003 | C89: 2.014 | D89: 2.025 | E89: 2.003 | F89: 2.014 | G89: 2.025
A90: D | B90: 2.238 | C90: 2.254 | D90: 2.244 | E90: 2.238 | F90: 2.254 | G90: 2.244
A91: E | B91: 2.169 | C91: 2.184 | D91: 2.182 | E91: 2.169 | F91: 2.184 | G91: 2.182
A92: F | B92: 1.547 | C92: 1.571 | D92: 1.506 | E92: 1.547 | F92: 1.571 | G92: 1.506
A93: G | B93: 1.735 | C93: 1.725 | D93: 1.744 | E93: 1.735 | F93: 1.725 | G93: 1.744
A94: H
A96: Cycle 8 (35 min)
B97: Raw Data (595) | E97: Raw Data (595)
B98: 1 | C98: 2 | D98: 3 | E98: 1 | F98: 2 | G98: 3 | H98: 7 | I98: 8 | J98: 9 | K98: 10 | L98: 11 | M98: 12
A99: A | B99: 1.937 | C99: 1.915 | D99: 1.935 | E99: 1.937 | F99: 1.915 | G99: 1.935
A100: B | B100: 1.997 | C100: 2.005 | D100: 2.019 | E100: 1.997 | F100: 2.005 | G100: 2.019
A101: C | B101: 2.004 | C101: 2.008 | D101: 2.008 | E101: 2.004 | F101: 2.008 | G101: 2.008
A102: D | B102: 2.251 | C102: 2.269 | D102: 2.269 | E102: 2.251 | F102: 2.269 | G102: 2.269
A103: E | B103: 2.171 | C103: 2.19 | D103: 2.198 | E103: 2.171 | F103: 2.19 | G103: 2.198
A104: F | B104: 1.49 | C104: 1.512 | D104: 1.455 | E104: 1.49 | F104: 1.512 | G104: 1.455
A105: G | B105: 1.726 | C105: 1.719 | D105: 1.733 | E105: 1.726 | F105: 1.719 | G105: 1.733
A106: H
A108: Cycle 9 (40 min)
B109: Raw Data (595) | E109: Raw Data (595)
B110: 1 | C110: 2 | D110: 3 | E110: 1 | F110: 2 | G110: 3 | H110: 7 | I110: 8 | J110: 9 | K110: 10 | L110: 11 | M110: 12
A111: A | B111: 1.935 | C111: 1.917 | D111: 1.953 | E111: 1.935 | F111: 1.917 | G111: 1.953
A112: B | B112: 2.003 | C112: 2.007 | D112: 2.025 | E112: 2.003 | F112: 2.007 | G112: 2.025
...

Sheet Results
C4: OD Readings (Raw Data) Do not edit | L4: Standard Curve Intergration | W4: Change in Substrate Concentration | AG4: Activity (mg/ml/min)
L6: Substrate concentration (mg/ml) y = (OD - c)/m | W6: Change in Substrate Concentration (SC) per minute | AG6: Correct for supernatant dilution factor
L10: Do NOT adjust dilution factor. It willl autopopulate from Sample ID sheet | N10: Gradient | O10: m | P10: ='Std Curve'!D19 -> 1.0245333 | W10: Δ SC (mg/mlmin) = (SCT0 - SCTx)/Tx | AG10: Δ SC/min x Dilution Correction Factor
N11: y-asymptote | O11: c | P11: ='Std Curve'!D20 -> 0.19706667
C13: 0 | E13: 1 | F13: 2 | G13: 3 | H13: 4 | I13: 5 | J13: 6 | L13: 0 | N13: 1 | O13: 2 | P13: 3 | Q13: 4 | R13: 5 | S13: 6 | T13: Average SC (mg/ml) | U13: Std Dev | W13: Time (min) | X13: 1 | Y13: 2 | Z13: 3 | AA13: 4 | AB13: 5 | AC13: 6 | AD13: Average Δ SC (mg/ml/min) | AE13: Std Dev | AG13: 0 | AH13: Dilution factor | AO13: Activity (mg/ml/min) | AP13: Std Dev
D14: A | E14: =Data!B15 -> 1.971 | F14: =Data!C15 -> 1.97 | G14: =Data!D15 -> 1.999 | H14: =Data!E15 -> 1.971 | I14: =Data!F15 -> 1.97 | J14: =Data!G15 -> 1.999 | M14: A | N14: =IF(((E14-$P$11)/$P$10)>0,((E14-$P$11)/$P$10)," ") -> 1.731455 | O14: =IF(((F14-$P$11)/$P$10)>0,((F14-$P$11)/$P$10)," ") -> 1.7304789 | P14: =IF(((G14-$P$11)/$P$10)>0,((G14-$P$11)/$P$10)," ") -> 1.7587845 | Q14: =IF(((H14-$P$11)/$P$10)>0,((H14-$P$11)/$P$10)," ") -> 1.731455 | R14: =IF(((I14-$P$11)/$P$10)>0,((I14-$P$11)/$P$10)," ") -> 1.7304789 | S14: =IF(((J14-$P$11)/$P$10)>0,((J14-$P$11)/$P$10)," ") -> 1.7587845 | T14: =IFERROR(AVERAGE(N14:S14),"") -> 1.7402395 | U14: =IFERROR(STDEV(N14:S14),"") -> 0.014371548 | W14: 0 | AH14: ='Sample ID'!$F$6 -> 1 | AI14: =IFERROR((X14*$AH$14),"") -> 0 | AJ14: =IFERROR((Y14*$AH$14),"") -> 0 | AK14: =IFERROR((Z14*$AH$14),"") -> 0 | AL14: =IFERROR((AA14*$AH$14),"") -> 0 | AM14: =IFERROR((AB14*$AH$14),"") -> 0 | AN14: =IFERROR((AC14*$AH$14),"") -> 0 | AO14: =IFERROR(AD14*AH14,"") -> 0
D15: B | E15: =Data!B16 -> 1.963 | F15: =Data!C16 -> 1.96 | G15: =Data!D16 -> 1.972 | H15: =Data!E16 -> 1.963 | I15: =Data!F16 -> 1.96 | J15: =Data!G16 -> 1.972 | M15: B | N15: =IF(((E15-$P$11)/$P$10)>0,((E15-$P$11)/$P$10)," ") -> 1.7236465 | O15: =IF(((F15-$P$11)/$P$10)>0,((F15-$P$11)/$P$10)," ") -> 1.7207184 | P15: =IF(((G15-$P$11)/$P$10)>0,((G15-$P$11)/$P$10)," ") -> 1.732431 | Q15: =IF(((H15-$P$11)/$P$10)>0,((H15-$P$11)/$P$10)," ") -> 1.7236465 | R15: =IF(((I15-$P$11)/$P$10)>0,((I15-$P$11)/$P$10)," ") -> 1.7207184 | S15: =IF(((J15-$P$11)/$P$10)>0,((J15-$P$11)/$P$10)," ") -> 1.732431 | T15: =IFERROR(AVERAGE(N15:S15),"") -> 1.7255986 | U15: =IFERROR(STDEV(N15:S15),"") -> 0.0054519417 | W15: 0 | AH15: ='Sample ID'!$F$7 -> 1 | AI15: =IFERROR((X15*$AH$15),"") -> 0 | AJ15: =IFERROR((Y15*$AH$15),"") -> 0 | AK15: =IFERROR((Z15*$AH$15),"") -> 0 | AL15: =IFERROR((AA15*$AH$15),"") -> 0 | AM15: =IFERROR((AB15*$AH$15),"") -> 0 | AN15: =IFERROR((AC15*$AH$15),"") -> 0 | AO15: =IFERROR(AD15*AH15,"") -> 0
D16: C | E16: =Data!B17 -> 1.979 | F16: =Data!C17 -> 2 | G16: =Data!D17 -> 2.027 | H16: =Data!E17 -> 1.979 | I16: =Data!F17 -> 2 | J16: =Data!G17 -> 2.027 | M16: C | N16: =IF(((E16-$P$11)/$P$10)>0,((E16-$P$11)/$P$10)," ") -> 1.7392634 | O16: =IF(((F16-$P$11)/$P$10)>0,((F16-$P$11)/$P$10)," ") -> 1.7597605 | P16: =IF(((G16-$P$11)/$P$10)>0,((G16-$P$11)/$P$10)," ") -> 1.786114 | Q16: =IF(((H16-$P$11)/$P$10)>0,((H16-$P$11)/$P$10)," ") -> 1.7392634 | R16: =IF(((I16-$P$11)/$P$10)>0,((I16-$P$11)/$P$10)," ") -> 1.7597605 | S16: =IF(((J16-$P$11)/$P$10)>0,((J16-$P$11)/$P$10)," ") -> 1.786114 | T16: =IFERROR(AVERAGE(N16:S16),"") -> 1.7617126 | U16: =IFERROR(STDEV(N16:S16),"") -> 0.021006717 | W16: 0 | AH16: ='Sample ID'!$F$8 -> 1 | AI16: =IFERROR((X16*$AH$16),"") -> 0 | AJ16: =IFERROR((Y16*$AH$16),"") -> 0 | AK16: =IFERROR((Z16*$AH$16),"") -> 0 | AL16: =IFERROR((AA16*$AH$16),"") -> 0 | AM16: =IFERROR((AB16*$AH$16),"") -> 0 | AN16: =IFERROR((AC16*$AH$16),"") -> 0 | AO16: =IFERROR(AD16*AH16,"") -> 0
D17: D | E17: =Data!B18 -> 2.05 | F17: =Data!C18 -> 2.047 | G17: =Data!D18 -> 2.055 | H17: =Data!E18 -> 2.05 | I17: =Data!F18 -> 2.047 | J17: =Data!G18 -> 2.055 | M17: D | N17: =IF(((E17-$P$11)/$P$10)>0,((E17-$P$11)/$P$10)," ") -> 1.8085632 | O17: =IF(((F17-$P$11)/$P$10)>0,((F17-$P$11)/$P$10)," ") -> 1.8056351 | P17: =IF(((G17-$P$11)/$P$10)>0,((G17-$P$11)/$P$10)," ") -> 1.8134435 | Q17: =IF(((H17-$P$11)/$P$10)>0,((H17-$P$11)/$P$10)," ") -> 1.8085632 | R17: =IF(((I17-$P$11)/$P$10)>0,((I17-$P$11)/$P$10)," ") -> 1.8056351 | S17: =IF(((J17-$P$11)/$P$10)>0,((J17-$P$11)/$P$10)," ") -> 1.8134435 | T17: =IFERROR(AVERAGE(N17:S17),"") -> 1.809214 | U17: =IFERROR(STDEV(N17:S17),"") -> 0.0035282253 | W17: 0 | AH17: ='Sample ID'!$F$9 -> 1 | AI17: =IFERROR((X17*$AH$17),"") -> 0 | AJ17: =IFERROR((Y17*$AH$17),"") -> 0 | AK17: =IFERROR((Z17*$AH$17),"") -> 0 | AL17: =IFERROR((AA17*$AH$17),"") -> 0 | AM17: =IFERROR((AB17*$AH$17),"") -> 0 | AN17: =IFERROR((AC17*$AH$17),"") -> 0 | AO17: =IFERROR(AD17*AH17,"") -> 0
D18: E | E18: =Data!B19 -> 2.091 | F18: =Data!C19 -> 2.067 | G18: =Data!D19 -> 2.089 | H18: =Data!E19 -> 2.091 | I18: =Data!F19 -> 2.067 | J18: =Data!G19 -> 2.089 | M18: E | N18: =IF(((E18-$P$11)/$P$10)>0,((E18-$P$11)/$P$10)," ") -> 1.8485815 | O18: =IF(((F18-$P$11)/$P$10)>0,((F18-$P$11)/$P$10)," ") -> 1.8251562 | P18: =IF(((G18-$P$11)/$P$10)>0,((G18-$P$11)/$P$10)," ") -> 1.8466294 | Q18: =IF(((H18-$P$11)/$P$10)>0,((H18-$P$11)/$P$10)," ") -> 1.8485815 | R18: =IF(((I18-$P$11)/$P$10)>0,((I18-$P$11)/$P$10)," ") -> 1.8251562 | S18: =IF(((J18-$P$11)/$P$10)>0,((J18-$P$11)/$P$10)," ") -> 1.8466294 | T18: =IFERROR(AVERAGE(N18:S18),"") -> 1.8401223 | U18: =IFERROR(STDEV(N18:S18),"") -> 0.011625566 | W18: 0 | AH18: ='Sample ID'!$F$10 -> 1 | AI18: =IFERROR((X18*$AH$18),"") -> 0 | AJ18: =IFERROR((Y18*$AH$18),"") -> 0 | AK18: =IFERROR((Z18*$AH$18),"") -> 0 | AL18: =IFERROR((AA18*$AH$18),"") -> 0 | AM18: =IFERROR((AB18*$AH$18),"") -> 0 | AN18: =IFERROR((AC18*$AH$18),"") -> 0 | AO18: =IFERROR(AD18*AH18,"") -> 0
D19: F | E19: =Data!B20 -> 1.897 | F19: =Data!C20 -> 1.934 | G19: =Data!D20 -> 1.895 | H19: =Data!E20 -> 1.897 | I19: =Data!F20 -> 1.934 | J19: =Data!G20 -> 1.895 | M19: F | N19: =IF(((E19-$P$11)/$P$10)>0,((E19-$P$11)/$P$10)," ") -> 1.659227 | O19: =IF(((F19-$P$11)/$P$10)>0,((F19-$P$11)/$P$10)," ") -> 1.695341 | P19: =IF(((G19-$P$11)/$P$10)>0,((G19-$P$11)/$P$10)," ") -> 1.6572749 | Q19: =IF(((H19-$P$11)/$P$10)>0,((H19-$P$11)/$P$10)," ") -> 1.659227 | R19: =IF(((I19-$P$11)/$P$10)>0,((I19-$P$11)/$P$10)," ") -> 1.695341 | S19: =IF(((J19-$P$11)/$P$10)>0,((J19-$P$11)/$P$10)," ") -> 1.6572749 | T19: =IFERROR(AVERAGE(N19:S19),"") -> 1.6706143 | U19: =IFERROR(STDEV(N19:S19),"") -> 0.019173109 | W19: 0 | AH19: ='Sample ID'!$F$11 -> 0 | AI19: =IFERROR((X19*$AH$19),"") -> 0 | AJ19: =IFERROR((Y19*$AH$19),"") -> 0 | AK19: =IFERROR((Z19*$AH$19),"") -> 0 | AL19: =IFERROR((AA19*$AH$19),"") -> 0 | AM19: =IFERROR((AB19*$AH$19),"") -> 0 | AN19: =IFERROR((AC19*$AH$19),"") -> 0 | AO19: =IFERROR(AD19*AH19,"") -> 0
D20: G | E20: =Data!B21 -> 1.907 | F20: =Data!C21 -> 1.902 | G20: =Data!D21 -> 1.914 | H20: =Data!E21 -> 1.907 | I20: =Data!F21 -> 1.902 | J20: =Data!G21 -> 1.914 | M20: G | N20: =IF(((E20-$P$11)/$P$10)>0,((E20-$P$11)/$P$10)," ") -> 1.6689875 | O20: =IF(((F20-$P$11)/$P$10)>0,((F20-$P$11)/$P$10)," ") -> 1.6641072 | P20: =IF(((G20-$P$11)/$P$10)>0,((G20-$P$11)/$P$10)," ") -> 1.6758199 | Q20: =IF(((H20-$P$11)/$P$10)>0,((H20-$P$11)/$P$10)," ") -> 1.6689875 | R20: =IF(((I20-$P$11)/$P$10)>0,((I20-$P$11)/$P$10)," ") -> 1.6641072 | S20: =IF(((J20-$P$11)/$P$10)>0,((J20-$P$11)/$P$10)," ") -> 1.6758199 | T20: =IFERROR(AVERAGE(N20:S20),"") -> 1.6696382 | U20: =IFERROR(STDEV(N20:S20),"") -> 0.0052622506 | W20: 0 | AH20: ='Sample ID'!$F$12 -> 0 | AI20: =IFERROR((X20*$AH$20),"") -> 0 | AJ20: =IFERROR((Y20*$AH$20),"") -> 0 | AK20: =IFERROR((Z20*$AH$20),"") -> 0 | AL20: =IFERROR((AA20*$AH$20),"") -> 0 | AM20: =IFERROR((AB20*$AH$20),"") -> 0 | AN20: =IFERROR((AC20*$AH$20),"") -> 0 | AO20: =IFERROR(AD20*AH20,"") -> 0
D21: H | E21: =Data!B22 -> 0 | F21: =Data!C22 -> 0 | G21: =Data!D22 -> 0 | H21: =Data!E22 -> 0 | I21: =Data!F22 -> 0 | J21: =Data!G22 -> 0 | M21: H | N21: =IF(((E21-$P$11)/$P$10)>0,((E21-$P$11)/$P$10)," ") | O21: =IF(((F21-$P$11)/$P$10)>0,((F21-$P$11)/$P$10)," ") | P21: =IF(((G21-$P$11)/$P$10)>0,((G21-$P$11)/$P$10)," ") | Q21: =IF(((H21-$P$11)/$P$10)>0,((H21-$P$11)/$P$10)," ") | R21: =IF(((I21-$P$11)/$P$10)>0,((I21-$P$11)/$P$10)," ") | S21: =IF(((J21-$P$11)/$P$10)>0,((J21-$P$11)/$P$10)," ") | T21: =IFERROR(AVERAGE(N21:S21),"") | U21: =IFERROR(STDEV(N21:S21),"") | W21: 0 | AH21: ='Sample ID'!$F$13 -> 0 | AI21: =IFERROR((X21*$AH$21),"") -> 0 | AJ21: =IFERROR((Y21*$AH$21),"") -> 0 | AK21: =IFERROR((Z21*$AH$21),"") -> 0 | AL21: =IFERROR((AA21*$AH$21),"") -> 0 | AM21: =IFERROR((AB21*$AH$21),"") -> 0 | AN21: =IFERROR((AC21*$AH$21),"") -> 0 | AO21: =IFERROR(AD21*AH21,"") -> 0
E22: 7 | F22: 8 | G22: 9 | H22: 10 | I22: 11 | J22: 12 | N22: 7 | O22: 8 | P22: 9 | Q22: 10 | R22: 11 | S22: 12 | T22: Average SC (mg/ml) | U22: Std Dev | X22: 7 | Y22: 8 | Z22: 9 | AA22: 10 | AB22: 11 | AC22: 12 | AD22: Average Δ SC (mg/ml/min) | AE22: Std Dev | AP22: Std Dev
D23: A | E23: =Data!H15 -> 0 | F23: =Data!I15 -> 0 | G23: =Data!J15 -> 0 | H23: =Data!K15 -> 0 | I23: =Data!L15 -> 0 | J23: =Data!M15 -> 0 | M23: A | N23: =IF(((E23-$P$11)/$P$10)>0,((E23-$P$11)/$P$10)," ") | O23: =IF(((F23-$P$11)/$P$10)>0,((F23-$P$11)/$P$10)," ") | P23: =IF(((G23-$P$11)/$P$10)>0,((G23-$P$11)/$P$10)," ") | Q23: =IF(((H23-$P$11)/$P$10)>0,((H23-$P$11)/$P$10)," ") | R23: =IF(((I23-$P$11)/$P$10)>0,((I23-$P$11)/$P$10)," ") | S23: =IF(((J23-$P$11)/$P$10)>0,((J23-$P$11)/$P$10)," ") | T23: =IFERROR(AVERAGE(N23:S23),"") | U23: =IFERROR(STDEV(N23:S23),"") | W23: 0 | AH23: ='Sample ID'!$F$14 -> 0 | AI23: =IFERROR((X23*$AH$23),"") -> 0 | AJ23: =IFERROR((Y23*$AH$23),"") -> 0 | AK23: =IFERROR((Z23*$AH$23),"") -> 0 | AL23: =IFERROR((AA23*$AH$23),"") -> 0 | AM23: =IFERROR((AB23*$AH$23),"") -> 0 | AN23: =IFERROR((AC23*$AH$23),"") -> 0 | AO23: =IFERROR(AD23*AH23,"") -> 0
D24: B | E24: =Data!H16 -> 0 | F24: =Data!I16 -> 0 | G24: =Data!J16 -> 0 | H24: =Data!K16 -> 0 | I24: =Data!L16 -> 0 | J24: =Data!M16 -> 0 | M24: B | N24: =IF(((E24-$P$11)/$P$10)>0,((E24-$P$11)/$P$10)," ") | O24: =IF(((F24-$P$11)/$P$10)>0,((F24-$P$11)/$P$10)," ") | P24: =IF(((G24-$P$11)/$P$10)>0,((G24-$P$11)/$P$10)," ") | Q24: =IF(((H24-$P$11)/$P$10)>0,((H24-$P$11)/$P$10)," ") | R24: =IF(((I24-$P$11)/$P$10)>0,((I24-$P$11)/$P$10)," ") | S24: =IF(((J24-$P$11)/$P$10)>0,((J24-$P$11)/$P$10)," ") | T24: =IFERROR(AVERAGE(N24:S24),"") | U24: =IFERROR(STDEV(N24:S24),"") | W24: 0 | AH24: ='Sample ID'!$F$15 -> 0 | AI24: =IFERROR((X24*$AH$24),"") -> 0 | AJ24: =IFERROR((Y24*$AH$24),"") -> 0 | AK24: =IFERROR((Z24*$AH$24),"") -> 0 | AL24: =IFERROR((AA24*$AH$24),"") -> 0 | AM24: =IFERROR((AB24*$AH$24),"") -> 0 | AN24: =IFERROR((AC24*$AH$24),"") -> 0 | AO24: =IFERROR(AD24*AH24,"") -> 0
D25: C | E25: =Data!H17 -> 0 | F25: =Data!I17 -> 0 | G25: =Data!J17 -> 0 | H25: =Data!K17 -> 0 | I25: =Data!L17 -> 0 | J25: =Data!M17 -> 0 | M25: C | N25: =IF(((E25-$P$11)/$P$10)>0,((E25-$P$11)/$P$10)," ") | O25: =IF(((F25-$P$11)/$P$10)>0,((F25-$P$11)/$P$10)," ") | P25: =IF(((G25-$P$11)/$P$10)>0,((G25-$P$11)/$P$10)," ") | Q25: =IF(((H25-$P$11)/$P$10)>0,((H25-$P$11)/$P$10)," ") | R25: =IF(((I25-$P$11)/$P$10)>0,((I25-$P$11)/$P$10)," ") | S25: =IF(((J25-$P$11)/$P$10)>0,((J25-$P$11)/$P$10)," ") | T25: =IFERROR(AVERAGE(N25:S25),"") | U25: =IFERROR(STDEV(N25:S25),"") | W25: 0 | AH25: ='Sample ID'!$F$16 -> 0 | AI25: =IFERROR((X25*$AH$25),"") -> 0 | AJ25: =IFERROR((Y25*$AH$25),"") -> 0 | AK25: =IFERROR((Z25*$AH$25),"") -> 0 | AL25: =IFERROR((AA25*$AH$25),"") -> 0 | AM25: =IFERROR((AB25*$AH$25),"") -> 0 | AN25: =IFERROR((AC25*$AH$25),"") -> 0 | AO25: =IFERROR(AD25*AH25,"") -> 0
D26: D | E26: =Data!H18 -> 0 | F26: =Data!I18 -> 0 | G26: =Data!J18 -> 0 | H26: =Data!K18 -> 0 | I26: =Data!L18 -> 0 | J26: =Data!M18 -> 0 | M26: D | N26: =IF(((E26-$P$11)/$P$10)>0,((E26-$P$11)/$P$10)," ") | O26: =IF(((F26-$P$11)/$P$10)>0,((F26-$P$11)/$P$10)," ") | P26: =IF(((G26-$P$11)/$P$10)>0,((G26-$P$11)/$P$10)," ") | Q26: =IF(((H26-$P$11)/$P$10)>0,((H26-$P$11)/$P$10)," ") | R26: =IF(((I26-$P$11)/$P$10)>0,((I26-$P$11)/$P$10)," ") | S26: =IF(((J26-$P$11)/$P$10)>0,((J26-$P$11)/$P$10)," ") | T26: =IFERROR(AVERAGE(N26:S26),"") | U26: =IFERROR(STDEV(N26:S26),"") | W26: 0 | AH26: ='Sample ID'!$F$17 -> 0 | AI26: =IFERROR((X26*$AH$26),"") -> 0 | AJ26: =IFERROR((Y26*$AH$26),"") -> 0 | AK26: =IFERROR((Z26*$AH$26),"") -> 0 | AL26: =IFERROR((AA26*$AH$26),"") -> 0 | AM26: =IFERROR((AB26*$AH$26),"") -> 0 | AN26: =IFERROR((AC26*$AH$26),"") -> 0 | AO26: =IFERROR(AD26*AH26,"") -> 0
D27: E | E27: =Data!H19 -> 0 | F27: =Data!I19 -> 0 | G27: =Data!J19 -> 0 | H27: =Data!K19 -> 0 | I27: =Data!L19 -> 0 | J27: =Data!M19 -> 0 | M27: E | N27: =IF(((E27-$P$11)/$P$10)>0,((E27-$P$11)/$P$10)," ") | O27: =IF(((F27-$P$11)/$P$10)>0,((F27-$P$11)/$P$10)," ") | P27: =IF(((G27-$P$11)/$P$10)>0,((G27-$P$11)/$P$10)," ") | Q27: =IF(((H27-$P$11)/$P$10)>0,((H27-$P$11)/$P$10)," ") | R27: =IF(((I27-$P$11)/$P$10)>0,((I27-$P$11)/$P$10)," ") | S27: =IF(((J27-$P$11)/$P$10)>0,((J27-$P$11)/$P$10)," ") | T27: =IFERROR(AVERAGE(N27:S27),"") | U27: =IFERROR(STDEV(N27:S27),"") | W27: 0 | AH27: ='Sample ID'!$F$18 -> 0 | AI27: =IFERROR((X27*$AH$27),"") -> 0 | AJ27: =IFERROR((Y27*$AH$27),"") -> 0 | AK27: =IFERROR((Z27*$AH$27),"") -> 0 | AL27: =IFERROR((AA27*$AH$27),"") -> 0 | AM27: =IFERROR((AB27*$AH$27),"") -> 0 | AN27: =IFERROR((AC27*$AH$27),"") -> 0 | AO27: =IFERROR(AD27*AH27,"") -> 0
D28: F | E28: =Data!H20 -> 0 | F28: =Data!I20 -> 0 | G28: =Data!J20 -> 0 | H28: =Data!K20 -> 0 | I28: =Data!L20 -> 0 | J28: =Data!M20 -> 0 | M28: F | N28: =IF(((E28-$P$11)/$P$10)>0,((E28-$P$11)/$P$10)," ") | O28: =IF(((F28-$P$11)/$P$10)>0,((F28-$P$11)/$P$10)," ") | P28: =IF(((G28-$P$11)/$P$10)>0,((G28-$P$11)/$P$10)," ") | Q28: =IF(((H28-$P$11)/$P$10)>0,((H28-$P$11)/$P$10)," ") | R28: =IF(((I28-$P$11)/$P$10)>0,((I28-$P$11)/$P$10)," ") | S28: =IF(((J28-$P$11)/$P$10)>0,((J28-$P$11)/$P$10)," ") | T28: =IFERROR(AVERAGE(N28:S28),"") | U28: =IFERROR(STDEV(N28:S28),"") | W28: 0 | AH28: ='Sample ID'!$F$19 -> 0 | AI28: =IFERROR((X28*$AH$28),"") -> 0 | AJ28: =IFERROR((Y28*$AH$28),"") -> 0 | AK28: =IFERROR((Z28*$AH$28),"") -> 0 | AL28: =IFERROR((AA28*$AH$28),"") -> 0 | AM28: =IFERROR((AB28*$AH$28),"") -> 0 | AN28: =IFERROR((AC28*$AH$28),"") -> 0 | AO28: =IFERROR(AD28*AH28,"") -> 0
D29: G | E29: =Data!H21 -> 0 | F29: =Data!I21 -> 0 | G29: =Data!J21 -> 0 | H29: =Data!K21 -> 0 | I29: =Data!L21 -> 0 | J29: =Data!M21 -> 0 | M29: G | N29: =IF(((E29-$P$11)/$P$10)>0,((E29-$P$11)/$P$10)," ") | O29: =IF(((F29-$P$11)/$P$10)>0,((F29-$P$11)/$P$10)," ") | P29: =IF(((G29-$P$11)/$P$10)>0,((G29-$P$11)/$P$10)," ") | Q29: =IF(((H29-$P$11)/$P$10)>0,((H29-$P$11)/$P$10)," ") | R29: =IF(((I29-$P$11)/$P$10)>0,((I29-$P$11)/$P$10)," ") | S29: =IF(((J29-$P$11)/$P$10)>0,((J29-$P$11)/$P$10)," ") | T29: =IFERROR(AVERAGE(N29:S29),"") | U29: =IFERROR(STDEV(N29:S29),"") | W29: 0 | AH29: ='Sample ID'!$F$20 -> 0 | AI29: =IFERROR((X29*$AH$29),"") -> 0 | AJ29: =IFERROR((Y29*$AH$29),"") -> 0 | AK29: =IFERROR((Z29*$AH$29),"") -> 0 | AL29: =IFERROR((AA29*$AH$29),"") -> 0 | AM29: =IFERROR((AB29*$AH$29),"") -> 0 | AN29: =IFERROR((AC29*$AH$29),"") -> 0 | AO29: =IFERROR(AD29*AH29,"") -> 0
D30: H | E30: =Data!H22 -> 0 | F30: =Data!I22 -> 0 | G30: =Data!J22 -> 0 | H30: =Data!K22 -> 0 | I30: =Data!L22 -> 0 | J30: =Data!M22 -> 0 | M30: H | N30: =IF(((E30-$P$11)/$P$10)>0,((E30-$P$11)/$P$10)," ") | O30: =IF(((F30-$P$11)/$P$10)>0,((F30-$P$11)/$P$10)," ") | P30: =IF(((G30-$P$11)/$P$10)>0,((G30-$P$11)/$P$10)," ") | Q30: =IF(((H30-$P$11)/$P$10)>0,((H30-$P$11)/$P$10)," ") | R30: =IF(((I30-$P$11)/$P$10)>0,((I30-$P$11)/$P$10)," ") | S30: =IF(((J30-$P$11)/$P$10)>0,((J30-$P$11)/$P$10)," ") | T30: =IFERROR(AVERAGE(N30:S30),"") | U30: =IFERROR(STDEV(N30:S30),"") | W30: 0 | AH30: ='Sample ID'!$F$21 -> 0 | AI30: =IFERROR((X30*$AH$30),"") -> 0 | AJ30: =IFERROR((Y30*$AH$30),"") -> 0 | AK30: =IFERROR((Z30*$AH$30),"") -> 0 | AL30: =IFERROR((AA30*$AH$30),"") -> 0 | AM30: =IFERROR((AB30*$AH$30),"") -> 0 | AN30: =IFERROR((AC30*$AH$30),"") -> 0 | AO30: =IFERROR(AD30*AH30,"") -> 0
C31: 5 | E31: 1 | F31: 2 | G31: 3 | H31: 4 | I31: 5 | J31: 6 | L31: 5 | N31: 1 | O31: 2 | P31: 3 | Q31: 4 | R31: 5 | S31: 6 | T31: Average SC (mg/ml) | U31: Std Dev | W31: Time (min) | X31: 1 | Y31: 2 | Z31: 3 | AA31: 4 | AB31: 5 | AC31: 6 | AD31: Average Δ SC (mg/ml/min) | AE31: Std Dev | AG31: 5 | AH31: Dilution factor | AO31: Activity (mg/ml/min) | AP31: Std Dev
D32: A | E32: =Data!B27 -> 1.959 | F32: =Data!C27 -> 1.955 | G32: =Data!D27 -> 1.977 | H32: =Data!E27 -> 1.959 | I32: =Data!F27 -> 1.955 | J32: =Data!G27 -> 1.977 | M32: A | N32: =IF(((E32-$P$11)/$P$10)>0,((E32-$P$11)/$P$10)," ") -> 1.7197423 | O32: =IF(((F32-$P$11)/$P$10)>0,((F32-$P$11)/$P$10)," ") -> 1.7158381 | P32: =IF(((G32-$P$11)/$P$10)>0,((G32-$P$11)/$P$10)," ") -> 1.7373113 | Q32: =IF(((H32-$P$11)/$P$10)>0,((H32-$P$11)/$P$10)," ") -> 1.7197423 | R32: =IF(((I32-$P$11)/$P$10)>0,((I32-$P$11)/$P$10)," ") -> 1.7158381 | S32: =IF(((J32-$P$11)/$P$10)>0,((J32-$P$11)/$P$10)," ") -> 1.7373113 | T32: =IFERROR(AVERAGE(N32:S32),"") -> 1.7242972 | U32: =IFERROR(STDEV(N32:S32),"") -> 0.010230736 | W32: 5 | X32: =IFERROR(($N$14-N32)/W32,"") -> 0.0023425299 | Y32: =IFERROR(($O$14-O32)/W32,"") -> 0.0029281624 | Z32: =IFERROR(($P$14-P32)/W32,"") -> 0.0042946382 | AA32: =IFERROR(($Q$14-Q32)/W32,"") -> 0.0023425299 | AB32: =IFERROR(($R$14-R32)/W32,"") -> 0.0029281624 | AC32: =IFERROR(($S$14-S32)/W32,"") -> 0.0042946382 | AD32: =IFERROR(AVERAGE(X32:AC32), "") -> 0.0031884435 | AE32: =IFERROR(STDEV(X32:AC32), "") -> 0.00089598722 | AH32: ='Sample ID'!$F$6 -> 1 | AI32: =IFERROR((X32*$AH$32),"") -> 0.0023425299 | AJ32: =IFERROR((Y32*$AH$32),"") -> 0.0029281624 | AK32: =IFERROR((Z32*$AH$32),"") -> 0.0042946382 | AL32: =IFERROR((AA32*$AH$32),"") -> 0.0023425299 | AM32: =IFERROR((AB32*$AH$32),"") -> 0.0029281624 | AN32: =IFERROR((AC32*$AH$32),"") -> 0.0042946382 | AO32: =IFERROR(AD32*AH32,"") -> 0.0031884435 | AP32: =IFERROR(STDEV(AI32:AN32), "") -> 0.00089598722
D33: B | E33: =Data!B28 -> 1.972 | F33: =Data!C28 -> 1.983 | G33: =Data!D28 -> 1.989 | H33: =Data!E28 -> 1.972 | I33: =Data!F28 -> 1.983 | J33: =Data!G28 -> 1.989 | M33: B | N33: =IF(((E33-$P$11)/$P$10)>0,((E33-$P$11)/$P$10)," ") -> 1.732431 | O33: =IF(((F33-$P$11)/$P$10)>0,((F33-$P$11)/$P$10)," ") -> 1.7431676 | P33: =IF(((G33-$P$11)/$P$10)>0,((G33-$P$11)/$P$10)," ") -> 1.7490239 | Q33: =IF(((H33-$P$11)/$P$10)>0,((H33-$P$11)/$P$10)," ") -> 1.732431 | R33: =IF(((I33-$P$11)/$P$10)>0,((I33-$P$11)/$P$10)," ") -> 1.7431676 | S33: =IF(((J33-$P$11)/$P$10)>0,((J33-$P$11)/$P$10)," ") -> 1.7490239 | T33: =IFERROR(AVERAGE(N33:S33),"") -> 1.7415409 | U33: =IFERROR(STDEV(N33:S33),"") -> 0.0075268057 | W33: 5 | X33: =IFERROR(($N$15-N33)/W33,"") -> -0.0017568974 | Y33: =IFERROR(($O$15-O33)/W33,"") -> -0.004489849 | Z33: =IFERROR(($P$15-P33)/W33,"") -> -0.0033185841 | AA33: =IFERROR(($Q$15-Q33)/W33,"") -> -0.0017568974 | AB33: =IFERROR(($R$15-R33)/W33,"") -> -0.004489849 | AC33: =IFERROR(($S$15-S33)/W33,"") -> -0.0033185841 | AD33: =IFERROR(AVERAGE(X33:AC33), "") -> -0.0031884435 | AE33: =IFERROR(STDEV(X33:AC33), "") -> 0.0012263632 | AH33: ='Sample ID'!$F$7 -> 1 | AI33: =IFERROR((X33*$AH$33),"") -> -0.0017568974 | AJ33: =IFERROR((Y33*$AH$33),"") -> -0.004489849 | AK33: =IFERROR((Z33*$AH$33),"") -> -0.0033185841 | AL33: =IFERROR((AA33*$AH$33),"") -> -0.0017568974 | AM33: =IFERROR((AB33*$AH$33),"") -> -0.004489849 | AN33: =IFERROR((AC33*$AH$33),"") -> -0.0033185841 | AO33: =IFERROR(AD33*AH33,"") -> -0.0031884435 | AP33: =IFERROR(STDEV(AI33:AN33), "") -> 0.0012263632
D34: C | E34: =Data!B29 -> 1.985 | F34: =Data!C29 -> 2.005 | G34: =Data!D29 -> 2.019 | H34: =Data!E29 -> 1.985 | I34: =Data!F29 -> 2.005 | J34: =Data!G29 -> 2.019 | M34: C | N34: =IF(((E34-$P$11)/$P$10)>0,((E34-$P$11)/$P$10)," ") -> 1.7451197 | O34: =IF(((F34-$P$11)/$P$10)>0,((F34-$P$11)/$P$10)," ") -> 1.7646408 | P34: =IF(((G34-$P$11)/$P$10)>0,((G34-$P$11)/$P$10)," ") -> 1.7783056 | Q34: =IF(((H34-$P$11)/$P$10)>0,((H34-$P$11)/$P$10)," ") -> 1.7451197 | R34: =IF(((I34-$P$11)/$P$10)>0,((I34-$P$11)/$P$10)," ") -> 1.7646408 | S34: =IF(((J34-$P$11)/$P$10)>0,((J34-$P$11)/$P$10)," ") -> 1.7783056 | T34: =IFERROR(AVERAGE(N34:S34),"") -> 1.7626887 | U34: =IFERROR(STDEV(N34:S34),"") -> 0.014917991 | W34: 5 | X34: =IFERROR(($N$16-N34)/W34,"") -> -0.001171265 | Y34: =IFERROR(($O$16-O34)/W34,"") -> -0.00097605414 | Z34: =IFERROR(($P$16-P34)/W34,"") -> 0.0015616866 | AA34: =IFERROR(($Q$16-Q34)/W34,"") -> -0.001171265 | AB34: =IFERROR(($R$16-R34)/W34,"") -> -0.00097605414 | AC34: =IFERROR(($S$16-S34)/W34,"") -> 0.0015616866 | AD34: =IFERROR(AVERAGE(X34:AC34), "") -> -0.00019521083 | AE34: =IFERROR(STDEV(X34:AC34), "") -> 0.0013636842 | AH34: ='Sample ID'!$F$8 -> 1 | AI34: =IFERROR((X34*$AH$34),"") -> -0.001171265 | AJ34: =IFERROR((Y34*$AH$34),"") -> -0.00097605414 | AK34: =IFERROR((Z34*$AH$34),"") -> 0.0015616866 | AL34: =IFERROR((AA34*$AH$34),"") -> -0.001171265 | AM34: =IFERROR((AB34*$AH$34),"") -> -0.00097605414 | AN34: =IFERROR((AC34*$AH$34),"") -> 0.0015616866 | AO34: =IFERROR(AD34*AH34,"") -> -0.00019521083 | AP34: =IFERROR(STDEV(AI34:AN34), "") -> 0.0013636842
D35: D | E35: =Data!B30 -> 2.154 | F35: =Data!C30 -> 2.149 | G35: =Data!D30 -> 2.159 | H35: =Data!E30 -> 2.154 | I35: =Data!F30 -> 2.149 | J35: =Data!G30 -> 2.159 | M35: D | N35: =IF(((E35-$P$11)/$P$10)>0,((E35-$P$11)/$P$10)," ") -> 1.9100729 | O35: =IF(((F35-$P$11)/$P$10)>0,((F35-$P$11)/$P$10)," ") -> 1.9051926 | P35: =IF(((G35-$P$11)/$P$10)>0,((G35-$P$11)/$P$10)," ") -> 1.9149531 | Q35: =IF(((H35-$P$11)/$P$10)>0,((H35-$P$11)/$P$10)," ") -> 1.9100729 | R35: =IF(((I35-$P$11)/$P$10)>0,((I35-$P$11)/$P$10)," ") -> 1.9051926 | S35: =IF(((J35-$P$11)/$P$10)>0,((J35-$P$11)/$P$10)," ") -> 1.9149531 | T35: =IFERROR(AVERAGE(N35:S35),"") -> 1.9100729 | U35: =IFERROR(STDEV(N35:S35),"") -> 0.0043650468 | W35: 5 | X35: =IFERROR(($N$17-N35)/W35,"") -> -0.020301926 | Y35: =IFERROR(($O$17-O35)/W35,"") -> -0.019911504 | Z35: =IFERROR(($P$17-P35)/W35,"") -> -0.020301926 | AA35: =IFERROR(($Q$17-Q35)/W35,"") -> -0.020301926 | AB35: =IFERROR(($R$17-R35)/W35,"") -> -0.019911504 | AC35: =IFERROR(($S$17-S35)/W35,"") -> -0.020301926 | AD35: =IFERROR(AVERAGE(X35:AC35), "") -> -0.020171786 | AE35: =IFERROR(STDEV(X35:AC35), "") -> 0.00020161288 | AH35: ='Sample ID'!$F$9 -> 1 | AI35: =IFERROR((X35*$AH$35),"") -> -0.020301926 | AJ35: =IFERROR((Y35*$AH$35),"") -> -0.019911504 | AK35: =IFERROR((Z35*$AH$35),"") -> -0.020301926 | AL35: =IFERROR((AA35*$AH$35),"") -> -0.020301926 | AM35: =IFERROR((AB35*$AH$35),"") -> -0.019911504 | AN35: =IFERROR((AC35*$AH$35),"") -> -0.020301926 | AO35: =IFERROR(AD35*AH35,"") -> -0.020171786 | AP35: =IFERROR(STDEV(AI35:AN35), "") -> 0.00020161288
D36: E | E36: =Data!B31 -> 2.154 | F36: =Data!C31 -> 2.142 | G36: =Data!D31 -> 2.128 | H36: =Data!E31 -> 2.154 | I36: =Data!F31 -> 2.142 | J36: =Data!G31 -> 2.128 | M36: E | N36: =IF(((E36-$P$11)/$P$10)>0,((E36-$P$11)/$P$10)," ") -> 1.9100729 | O36: =IF(((F36-$P$11)/$P$10)>0,((F36-$P$11)/$P$10)," ") -> 1.8983602 | P36: =IF(((G36-$P$11)/$P$10)>0,((G36-$P$11)/$P$10)," ") -> 1.8846955 | Q36: =IF(((H36-$P$11)/$P$10)>0,((H36-$P$11)/$P$10)," ") -> 1.9100729 | R36: =IF(((I36-$P$11)/$P$10)>0,((I36-$P$11)/$P$10)," ") -> 1.8983602 | S36: =IF(((J36-$P$11)/$P$10)>0,((J36-$P$11)/$P$10)," ") -> 1.8846955 | T36: =IFERROR(AVERAGE(N36:S36),"") -> 1.8977095 | U36: =IFERROR(STDEV(N36:S36),"") -> 0.011360309 | W36: 5 | X36: =IFERROR(($N$18-N36)/W36,"") -> -0.012298282 | Y36: =IFERROR(($O$18-O36)/W36,"") -> -0.014640812 | Z36: =IFERROR(($P$18-P36)/W36,"") -> -0.0076132223 | AA36: =IFERROR(($Q$18-Q36)/W36,"") -> -0.012298282 | AB36: =IFERROR(($R$18-R36)/W36,"") -> -0.014640812 | AC36: =IFERROR(($S$18-S36)/W36,"") -> -0.0076132223 | AD36: =IFERROR(AVERAGE(X36:AC36), "") -> -0.011517439 | AE36: =IFERROR(STDEV(X36:AC36), "") -> 0.0032005052 | AH36: ='Sample ID'!$F$10 -> 1 | AI36: =IFERROR((X36*$AH$36),"") -> -0.012298282 | AJ36: =IFERROR((Y36*$AH$36),"") -> -0.014640812 | AK36: =IFERROR((Z36*$AH$36),"") -> -0.0076132223 | AL36: =IFERROR((AA36*$AH$36),"") -> -0.012298282 | AM36: =IFERROR((AB36*$AH$36),"") -> -0.014640812 | AN36: =IFERROR((AC36*$AH$36),"") -> -0.0076132223 | AO36: =IFERROR(AD36*AH36,"") -> -0.011517439 | AP36: =IFERROR(STDEV(AI36:AN36), "") -> 0.0032005052
D37: F | E37: =Data!B32 -> 1.838 | F37: =Data!C32 -> 1.883 | G37: =Data!D32 -> 1.844 | H37: =Data!E32 -> 1.838 | I37: =Data!F32 -> 1.883 | J37: =Data!G32 -> 1.844 | M37: F | N37: =IF(((E37-$P$11)/$P$10)>0,((E37-$P$11)/$P$10)," ") -> 1.6016398 | O37: =IF(((F37-$P$11)/$P$10)>0,((F37-$P$11)/$P$10)," ") -> 1.6455622 | P37: =IF(((G37-$P$11)/$P$10)>0,((G37-$P$11)/$P$10)," ") -> 1.6074961 | Q37: =IF(((H37-$P$11)/$P$10)>0,((H37-$P$11)/$P$10)," ") -> 1.6016398 | R37: =IF(((I37-$P$11)/$P$10)>0,((I37-$P$11)/$P$10)," ") -> 1.6455622 | S37: =IF(((J37-$P$11)/$P$10)>0,((J37-$P$11)/$P$10)," ") -> 1.6074961 | T37: =IFERROR(AVERAGE(N37:S37),"") -> 1.6182327 | U37: =IFERROR(STDEV(N37:S37),"") -> 0.021330747 | W37: 5 | X37: =IFERROR(($N$19-N37)/W37,"") -> 0.011517439 | Y37: =IFERROR(($O$19-O37)/W37,"") -> 0.0099557522 | Z37: =IFERROR(($P$19-P37)/W37,"") -> 0.0099557522 | AA37: =IFERROR(($Q$19-Q37)/W37,"") -> 0.011517439 | AB37: =IFERROR(($R$19-R37)/W37,"") -> 0.0099557522 | AC37: =IFERROR(($S$19-S37)/W37,"") -> 0.0099557522 | AD37: =IFERROR(AVERAGE(X37:AC37), "") -> 0.010476314 | AE37: =IFERROR(STDEV(X37:AC37), "") -> 0.0008064515 | AH37: ='Sample ID'!$F$11 -> 0 | AI37: =IFERROR((X37*$AH$37),"") -> 0 | AJ37: =IFERROR((Y37*$AH$37),"") -> 0 | AK37: =IFERROR((Z37*$AH$37),"") -> 0 | AL37: =IFERROR((AA37*$AH$37),"") -> 0 | AM37: =IFERROR((AB37*$AH$37),"") -> 0 | AN37: =IFERROR((AC37*$AH$37),"") -> 0 | AO37: =IFERROR(AD37*AH37,"") -> 0 | AP37: =IFERROR(STDEV(AI37:AN37), "") -> 0
D38: G | E38: =Data!B33 -> 1.871 | F38: =Data!C33 -> 1.88 | G38: =Data!D33 -> 1.89 | H38: =Data!E33 -> 1.871 | I38: =Data!F33 -> 1.88 | J38: =Data!G33 -> 1.89 | M38: G | N38: =IF(((E38-$P$11)/$P$10)>0,((E38-$P$11)/$P$10)," ") -> 1.6338496 | O38: =IF(((F38-$P$11)/$P$10)>0,((F38-$P$11)/$P$10)," ") -> 1.642634 | P38: =IF(((G38-$P$11)/$P$10)>0,((G38-$P$11)/$P$10)," ") -> 1.6523946 | Q38: =IF(((H38-$P$11)/$P$10)>0,((H38-$P$11)/$P$10)," ") -> 1.6338496 | R38: =IF(((I38-$P$11)/$P$10)>0,((I38-$P$11)/$P$10)," ") -> 1.642634 | S38: =IF(((J38-$P$11)/$P$10)>0,((J38-$P$11)/$P$10)," ") -> 1.6523946 | T38: =IFERROR(AVERAGE(N38:S38),"") -> 1.6429594 | U38: =IFERROR(STDEV(N38:S38),"") -> 0.008297417 | W38: 5 | X38: =IFERROR(($N$20-N38)/W38,"") -> 0.0070275898 | Y38: =IFERROR(($O$20-O38)/W38,"") -> 0.0042946382 | Z38: =IFERROR(($P$20-P38)/W38,"") -> 0.0046850599 | AA38: =IFERROR(($Q$20-Q38)/W38,"") -> 0.0070275898 | AB38: =IFERROR(($R$20-R38)/W38,"") -> 0.0042946382 | AC38: =IFERROR(($S$20-S38)/W38,"") -> 0.0046850599 | AD38: =IFERROR(AVERAGE(X38:AC38), "") -> 0.0053357626 | AE38: =IFERROR(STDEV(X38:AC38), "") -> 0.001322064 | AH38: ='Sample ID'!$F$12 -> 0 | AI38: =IFERROR((X38*$AH$38),"") -> 0 | AJ38: =IFERROR((Y38*$AH$38),"") -> 0 | AK38: =IFERROR((Z38*$AH$38),"") -> 0 | AL38: =IFERROR((AA38*$AH$38),"") -> 0 | AM38: =IFERROR((AB38*$AH$38),"") -> 0 | AN38: =IFERROR((AC38*$AH$38),"") -> 0 | AO38: =IFERROR(AD38*AH38,"") -> 0 | AP38: =IFERROR(STDEV(AI38:AN38), "") -> 0
D39: H | E39: =Data!B34 -> 0 | F39: =Data!C34 -> 0 | G39: =Data!D34 -> 0 | H39: =Data!E34 -> 0 | I39: =Data!F34 -> 0 | J39: =Data!G34 -> 0 | M39: H | N39: =IF(((E39-$P$11)/$P$10)>0,((E39-$P$11)/$P$10)," ") | O39: =IF(((F39-$P$11)/$P$10)>0,((F39-$P$11)/$P$10)," ") | P39: =IF(((G39-$P$11)/$P$10)>0,((G39-$P$11)/$P$10)," ") | Q39: =IF(((H39-$P$11)/$P$10)>0,((H39-$P$11)/$P$10)," ") | R39: =IF(((I39-$P$11)/$P$10)>0,((I39-$P$11)/$P$10)," ") | S39: =IF(((J39-$P$11)/$P$10)>0,((J39-$P$11)/$P$10)," ") | T39: =IFERROR(AVERAGE(N39:S39),"") | U39: =IFERROR(STDEV(N39:S39),"") | W39: 5 | X39: =IFERROR(($N$21-N39)/W39,"") | Y39: =IFERROR(($O$21-O39)/W39,"") | Z39: =IFERROR(($P$21-P39)/W39,"") | AA39: =IFERROR(($Q$21-Q39)/W39,"") | AB39: =IFERROR(($R$21-R39)/W39,"") | AC39: =IFERROR(($S$21-S39)/W39,"") | AD39: =IFERROR(AVERAGE(X39:AC39), "") | AE39: =IFERROR(STDEV(X39:AC39), "") | AH39: ='Sample ID'!$F$13 -> 0 | AI39: =IFERROR((X39*$AH$39),"") | AJ39: =IFERROR((Y39*$AH$39),"") | AK39: =IFERROR((Z39*$AH$39),"") | AL39: =IFERROR((AA39*$AH$39),"") | AM39: =IFERROR((AB39*$AH$39),"") | AN39: =IFERROR((AC39*$AH$39),"") | AO39: =IFERROR(AD39*AH39,"") | AP39: =IFERROR(STDEV(AI39:AN39), "")
E40: 7 | F40: 8 | G40: 9 | H40: 10 | I40: 11 | J40: 12 | N40: 7 | O40: 8 | P40: 9 | Q40: 10 | R40: 11 | S40: 12 | T40: Average SC (mg/ml) | U40: Std Dev | X40: 7 | Y40: 8 | Z40: 9 | AA40: 10 | AB40: 11 | AC40: 12 | AD40: Average Δ SC (mg/ml/min) | AE40: Std Dev | AP40: Std Dev
D41: A | E41: =Data!H27 -> 0 | F41: =Data!I27 -> 0 | G41: =Data!J27 -> 0 | H41: =Data!K27 -> 0 | I41: =Data!L27 -> 0 | J41: =Data!M27 -> 0 | M41: A | N41: =IF(((E41-$P$11)/$P$10)>0,((E41-$P$11)/$P$10)," ") | O41: =IF(((F41-$P$11)/$P$10)>0,((F41-$P$11)/$P$10)," ") | P41: =IF(((G41-$P$11)/$P$10)>0,((G41-$P$11)/$P$10)," ") | Q41: =IF(((H41-$P$11)/$P$10)>0,((H41-$P$11)/$P$10)," ") | R41: =IF(((I41-$P$11)/$P$10)>0,((I41-$P$11)/$P$10)," ") | S41: =IF(((J41-$P$11)/$P$10)>0,((J41-$P$11)/$P$10)," ") | T41: =IFERROR(AVERAGE(N41:S41),"") | U41: =IFERROR(STDEV(N41:S41),"") | W41: 5 | X41: =IFERROR(($N$23-N41)/W41,"") | Y41: =IFERROR(($O$23-O41)/W41,"") | Z41: =IFERROR(($P$23-P41)/W41,"") | AA41: =IFERROR(($Q$23-Q41)/W41,"") | AB41: =IFERROR(($R$23-R41)/W41,"") | AC41: =IFERROR(($S$23-S41)/W41,"") | AD41: =IFERROR(AVERAGE(X41:AC41), "") | AE41: =IFERROR(STDEV(X41:AC41), "") | AH41: ='Sample ID'!$F$14 -> 0 | AI41: =IFERROR((X41*$AH$41),"") | AJ41: =IFERROR((Y41*$AH$41),"") | AK41: =IFERROR((Z41*$AH$41),"") | AL41: =IFERROR((AA41*$AH$41),"") | AM41: =IFERROR((AB41*$AH$41),"") | AN41: =IFERROR((AC41*$AH$41),"") | AO41: =IFERROR(AD41*AH41,"") | AP41: =IFERROR(STDEV(AI41:AN41), "")
D42: B | E42: =Data!H28 -> 0 | F42: =Data!I28 -> 0 | G42: =Data!J28 -> 0 | H42: =Data!K28 -> 0 | I42: =Data!L28 -> 0 | J42: =Data!M28 -> 0 | M42: B | N42: =IF(((E42-$P$11)/$P$10)>0,((E42-$P$11)/$P$10)," ") | O42: =IF(((F42-$P$11)/$P$10)>0,((F42-$P$11)/$P$10)," ") | P42: =IF(((G42-$P$11)/$P$10)>0,((G42-$P$11)/$P$10)," ") | Q42: =IF(((H42-$P$11)/$P$10)>0,((H42-$P$11)/$P$10)," ") | R42: =IF(((I42-$P$11)/$P$10)>0,((I42-$P$11)/$P$10)," ") | S42: =IF(((J42-$P$11)/$P$10)>0,((J42-$P$11)/$P$10)," ") | T42: =IFERROR(AVERAGE(N42:S42),"") | U42: =IFERROR(STDEV(N42:S42),"") | W42: 5 | X42: =IFERROR(($N$24-N42)/W42,"") | Y42: =IFERROR(($O$24-O42)/W42,"") | Z42: =IFERROR(($P$24-P42)/W42,"") | AA42: =IFERROR(($Q$24-Q42)/W42,"") | AB42: =IFERROR(($R$24-R42)/W42,"") | AC42: =IFERROR(($S$24-S42)/W42,"") | AD42: =IFERROR(AVERAGE(X42:AC42), "") | AE42: =IFERROR(STDEV(X42:AC42), "") | AH42: ='Sample ID'!$F$15 -> 0 | AI42: =IFERROR((X42*$AH$42),"") | AJ42: =IFERROR((Y42*$AH$42),"") | AK42: =IFERROR((Z42*$AH$42),"") | AL42: =IFERROR((AA42*$AH$42),"") | AM42: =IFERROR((AB42*$AH$42),"") | AN42: =IFERROR((AC42*$AH$42),"") | AO42: =IFERROR(AD42*AH42,"") | AP42: =IFERROR(STDEV(AI42:AN42), "")
D43: C | E43: =Data!H29 -> 0 | F43: =Data!I29 -> 0 | G43: =Data!J29 -> 0 | H43: =Data!K29 -> 0 | I43: =Data!L29 -> 0 | J43: =Data!M29 -> 0 | M43: C | N43: =IF(((E43-$P$11)/$P$10)>0,((E43-$P$11)/$P$10)," ") | O43: =IF(((F43-$P$11)/$P$10)>0,((F43-$P$11)/$P$10)," ") | P43: =IF(((G43-$P$11)/$P$10)>0,((G43-$P$11)/$P$10)," ") | Q43: =IF(((H43-$P$11)/$P$10)>0,((H43-$P$11)/$P$10)," ") | R43: =IF(((I43-$P$11)/$P$10)>0,((I43-$P$11)/$P$10)," ") | S43: =IF(((J43-$P$11)/$P$10)>0,((J43-$P$11)/$P$10)," ") | T43: =IFERROR(AVERAGE(N43:S43),"") | U43: =IFERROR(STDEV(N43:S43),"") | W43: 5 | X43: =IFERROR(($N$25-N43)/W43,"") | Y43: =IFERROR(($O$25-O43)/W43,"") | Z43: =IFERROR(($P$25-P43)/W43,"") | AA43: =IFERROR(($Q$25-Q43)/W43,"") | AB43: =IFERROR(($R$25-R43)/W43,"") | AC43: =IFERROR(($S$25-S43)/W43,"") | AD43: =IFERROR(AVERAGE(X43:AC43), "") | AE43: =IFERROR(STDEV(X43:AC43), "") | AH43: ='Sample ID'!$F$16 -> 0 | AI43: =IFERROR((X43*$AH$43),"") | AJ43: =IFERROR((Y43*$AH$43),"") | AK43: =IFERROR((Z43*$AH$43),"") | AL43: =IFERROR((AA43*$AH$43),"") | AM43: =IFERROR((AB43*$AH$43),"") | AN43: =IFERROR((AC43*$AH$43),"") | AO43: =IFERROR(AD43*AH43,"") | AP43: =IFERROR(STDEV(AI43:AN43), "")
D44: D | E44: =Data!H30 -> 0 | F44: =Data!I30 -> 0 | G44: =Data!J30 -> 0 | H44: =Data!K30 -> 0 | I44: =Data!L30 -> 0 | J44: =Data!M30 -> 0 | M44: D | N44: =IF(((E44-$P$11)/$P$10)>0,((E44-$P$11)/$P$10)," ") | O44: =IF(((F44-$P$11)/$P$10)>0,((F44-$P$11)/$P$10)," ") | P44: =IF(((G44-$P$11)/$P$10)>0,((G44-$P$11)/$P$10)," ") | Q44: =IF(((H44-$P$11)/$P$10)>0,((H44-$P$11)/$P$10)," ") | R44: =IF(((I44-$P$11)/$P$10)>0,((I44-$P$11)/$P$10)," ") | S44: =IF(((J44-$P$11)/$P$10)>0,((J44-$P$11)/$P$10)," ") | T44: =IFERROR(AVERAGE(N44:S44),"") | U44: =IFERROR(STDEV(N44:S44),"") | W44: 5 | X44: =IFERROR(($N$26-N44)/W44,"") | Y44: =IFERROR(($O$26-O44)/W44,"") | Z44: =IFERROR(($P$26-P44)/W44,"") | AA44: =IFERROR(($Q$17-Q44)/W44,"") | AB44: =IFERROR(($R$26-R44)/W44,"") | AC44: =IFERROR(($S$26-S44)/W44,"") | AD44: =IFERROR(AVERAGE(X44:AC44), "") | AE44: =IFERROR(STDEV(X44:AC44), "") | AH44: ='Sample ID'!$F$17 -> 0 | AI44: =IFERROR((X44*$AH$44),"") | AJ44: =IFERROR((Y44*$AH$44),"") | AK44: =IFERROR((Z44*$AH$44),"") | AL44: =IFERROR((AA44*$AH$44),"") | AM44: =IFERROR((AB44*$AH$44),"") | AN44: =IFERROR((AC44*$AH$44),"") | AO44: =IFERROR(AD44*AH44,"") | AP44: =IFERROR(STDEV(AI44:AN44), "")
D45: E | E45: =Data!H31 -> 0 | F45: =Data!I31 -> 0 | G45: =Data!J31 -> 0 | H45: =Data!K31 -> 0 | I45: =Data!L31 -> 0 | J45: =Data!M31 -> 0 | M45: E | N45: =IF(((E45-$P$11)/$P$10)>0,((E45-$P$11)/$P$10)," ") | O45: =IF(((F45-$P$11)/$P$10)>0,((F45-$P$11)/$P$10)," ") | P45: =IF(((G45-$P$11)/$P$10)>0,((G45-$P$11)/$P$10)," ") | Q45: =IF(((H45-$P$11)/$P$10)>0,((H45-$P$11)/$P$10)," ") | R45: =IF(((I45-$P$11)/$P$10)>0,((I45-$P$11)/$P$10)," ") | S45: =IF(((J45-$P$11)/$P$10)>0,((J45-$P$11)/$P$10)," ") | T45: =IFERROR(AVERAGE(N45:S45),"") | U45: =IFERROR(STDEV(N45:S45),"") | W45: 5 | X45: =IFERROR(($N$27-N45)/W45,"") | Y45: =IFERROR(($O$27-O45)/W45,"") | Z45: =IFERROR(($P$27-P45)/W45,"") | AA45: =IFERROR(($Q$18-Q45)/W45,"") | AB45: =IFERROR(($R$27-R45)/W45,"") | AC45: =IFERROR(($S$27-S45)/W45,"") | AD45: =IFERROR(AVERAGE(X45:AC45), "") | AE45: =IFERROR(STDEV(X45:AC45), "") | AH45: ='Sample ID'!$F$18 -> 0 | AI45: =IFERROR((X45*$AH$45),"") | AJ45: =IFERROR((Y45*$AH$45),"") | AK45: =IFERROR((Z45*$AH$45),"") | AL45: =IFERROR((AA45*$AH$45),"") | AM45: =IFERROR((AB45*$AH$45),"") | AN45: =IFERROR((AC45*$AH$45),"") | AO45: =IFERROR(AD45*AH45,"") | AP45: =IFERROR(STDEV(AI45:AN45), "")
D46: F | E46: =Data!H32 -> 0 | F46: =Data!I32 -> 0 | G46: =Data!J32 -> 0 | H46: =Data!K32 -> 0 | I46: =Data!L32 -> 0 | J46: =Data!M32 -> 0 | M46: F | N46: =IF(((E46-$P$11)/$P$10)>0,((E46-$P$11)/$P$10)," ") | O46: =IF(((F46-$P$11)/$P$10)>0,((F46-$P$11)/$P$10)," ") | P46: =IF(((G46-$P$11)/$P$10)>0,((G46-$P$11)/$P$10)," ") | Q46: =IF(((H46-$P$11)/$P$10)>0,((H46-$P$11)/$P$10)," ") | R46: =IF(((I46-$P$11)/$P$10)>0,((I46-$P$11)/$P$10)," ") | S46: =IF(((J46-$P$11)/$P$10)>0,((J46-$P$11)/$P$10)," ") | T46: =IFERROR(AVERAGE(N46:S46),"") | U46: =IFERROR(STDEV(N46:S46),"") | W46: 5 | X46: =IFERROR(($N$28-N46)/W46,"") | Y46: =IFERROR(($O$28-O46)/W46,"") | Z46: =IFERROR(($P$28-P46)/W46,"") | AA46: =IFERROR(($Q$19-Q46)/W46,"") | AB46: =IFERROR(($R$28-R46)/W46,"") | AC46: =IFERROR(($S$28-S46)/W46,"") | AD46: =IFERROR(AVERAGE(X46:AC46), "") | AE46: =IFERROR(STDEV(X46:AC46), "") | AH46: ='Sample ID'!$F$19 -> 0 | AI46: =IFERROR((X46*$AH$46),"") | AJ46: =IFERROR((Y46*$AH$46),"") | AK46: =IFERROR((Z46*$AH$46),"") | AL46: =IFERROR((AA46*$AH$46),"") | AM46: =IFERROR((AB46*$AH$46),"") | AN46: =IFERROR((AC46*$AH$46),"") | AO46: =IFERROR(AD46*AH46,"") | AP46: =IFERROR(STDEV(AI46:AN46), "")
D47: G | E47: =Data!H33 -> 0 | F47: =Data!I33 -> 0 | G47: =Data!J33 -> 0 | H47: =Data!K33 -> 0 | I47: =Data!L33 -> 0 | J47: =Data!M33 -> 0 | M47: G | N47: =IF(((E47-$P$11)/$P$10)>0,((E47-$P$11)/$P$10)," ") | O47: =IF(((F47-$P$11)/$P$10)>0,((F47-$P$11)/$P$10)," ") | P47: =IF(((G47-$P$11)/$P$10)>0,((G47-$P$11)/$P$10)," ") | Q47: =IF(((H47-$P$11)/$P$10)>0,((H47-$P$11)/$P$10)," ") | R47: =IF(((I47-$P$11)/$P$10)>0,((I47-$P$11)/$P$10)," ") | S47: =IF(((J47-$P$11)/$P$10)>0,((J47-$P$11)/$P$10)," ") | T47: =IFERROR(AVERAGE(N47:S47),"") | U47: =IFERROR(STDEV(N47:S47),"") | W47: 5 | X47: =IFERROR(($N$29-N47)/W47,"") | Y47: =IFERROR(($O$29-O47)/W47,"") | Z47: =IFERROR(($P$29-P47)/W47,"") | AA47: =IFERROR(($Q$20-Q47)/W47,"") | AB47: =IFERROR(($R$29-R47)/W47,"") | AC47: =IFERROR(($S$29-S47)/W47,"") | AD47: =IFERROR(AVERAGE(X47:AC47), "") | AE47: =IFERROR(STDEV(X47:AC47), "") | AH47: ='Sample ID'!$F$20 -> 0 | AI47: =IFERROR((X47*$AH$47),"") | AJ47: =IFERROR((Y47*$AH$47),"") | AK47: =IFERROR((Z47*$AH$47),"") | AL47: =IFERROR((AA47*$AH$47),"") | AM47: =IFERROR((AB47*$AH$47),"") | AN47: =IFERROR((AC47*$AH$47),"") | AO47: =IFERROR(AD47*AH47,"") | AP47: =IFERROR(STDEV(AI47:AN47), "")
D48: H | E48: =Data!H34 -> 0 | F48: =Data!I34 -> 0 | G48: =Data!J34 -> 0 | H48: =Data!K34 -> 0 | I48: =Data!L34 -> 0 | J48: =Data!M34 -> 0 | M48: H | N48: =IF(((E48-$P$11)/$P$10)>0,((E48-$P$11)/$P$10)," ") | O48: =IF(((F48-$P$11)/$P$10)>0,((F48-$P$11)/$P$10)," ") | P48: =IF(((G48-$P$11)/$P$10)>0,((G48-$P$11)/$P$10)," ") | Q48: =IF(((H48-$P$11)/$P$10)>0,((H48-$P$11)/$P$10)," ") | R48: =IF(((I48-$P$11)/$P$10)>0,((I48-$P$11)/$P$10)," ") | S48: =IF(((J48-$P$11)/$P$10)>0,((J48-$P$11)/$P$10)," ") | T48: =IFERROR(AVERAGE(N48:S48),"") | U48: =IFERROR(STDEV(N48:S48),"") | W48: 5 | X48: =IFERROR(($N$30-N48)/W48,"") | Y48: =IFERROR(($O$30-O48)/W48,"") | Z48: =IFERROR(($P$30-P48)/W48,"") | AA48: =IFERROR(($Q$21-Q48)/W48,"") | AB48: =IFERROR(($R$30-R48)/W48,"") | AC48: =IFERROR(($S$30-S48)/W48,"") | AD48: =IFERROR(AVERAGE(X48:AC48), "") | AE48: =IFERROR(STDEV(X48:AC48), "") | AH48: ='Sample ID'!$F$21 -> 0 | AI48: =IFERROR((X48*$AH$48),"") | AJ48: =IFERROR((Y48*$AH$48),"") | AK48: =IFERROR((Z48*$AH$48),"") | AL48: =IFERROR((AA48*$AH$48),"") | AM48: =IFERROR((AB48*$AH$48),"") | AN48: =IFERROR((AC48*$AH$48),"") | AO48: =IFERROR(AD48*AH48,"") | AP48: =IFERROR(STDEV(AI48:AN48), "")
C49: 10 | E49: 1 | F49: 2 | G49: 3 | H49: 4 | I49: 5 | J49: 6 | L49: 10 | N49: 1 | O49: 2 | P49: 3 | Q49: 4 | R49: 5 | S49: 6 | T49: Average SC (mg/ml) | U49: Std Dev | W49: Time (min) | X49: 1 | Y49: 2 | Z49: 3 | AA49: 4 | AB49: 5 | AC49: 6 | AD49: Average Δ SC (mg/ml/min) | AE49: Std Dev | AG49: 10 | AH49: Dilution factor | AO49: Activity (mg/ml/min) | AP49: Std Dev
D50: A | E50: =Data!B39 -> 1.963 | F50: =Data!C39 -> 1.956 | G50: =Data!D39 -> 1.986 | H50: =Data!E39 -> 1.963 | I50: =Data!F39 -> 1.956 | J50: =Data!G39 -> 1.986 | M50: A | N50: =IF(((E50-$P$11)/$P$10)>0,((E50-$P$11)/$P$10)," ") -> 1.7236465 | O50: =IF(((F50-$P$11)/$P$10)>0,((F50-$P$11)/$P$10)," ") -> 1.7168142 | P50: =IF(((G50-$P$11)/$P$10)>0,((G50-$P$11)/$P$10)," ") -> 1.7460958 | Q50: =IF(((H50-$P$11)/$P$10)>0,((H50-$P$11)/$P$10)," ") -> 1.7236465 | R50: =IF(((I50-$P$11)/$P$10)>0,((I50-$P$11)/$P$10)," ") -> 1.7168142 | S50: =IF(((J50-$P$11)/$P$10)>0,((J50-$P$11)/$P$10)," ") -> 1.7460958 | T50: =IFERROR(AVERAGE(N50:S50),"") -> 1.7288522 | U50: =IFERROR(STDEV(N50:S50),"") -> 0.013701891 | W50: 10 | X50: =IFERROR(($N$14-N50)/W50,"") -> 0.00078084331 | Y50: =IFERROR(($O$14-O50)/W50,"") -> 0.0013664758 | Z50: =IFERROR(($P$14-P50)/W50,"") -> 0.0012688704 | AA50: =IFERROR(($Q$14-Q50)/W50,"") -> 0.00078084331 | AB50: =IFERROR(($R$14-R50)/W50,"") -> 0.0013664758 | AC50: =IFERROR(($S$14-S50)/W50,"") -> 0.0012688704 | AD50: =IFERROR(AVERAGE(X50:AC50), "") -> 0.0011387298 | AE50: =IFERROR(STDEV(X50:AC50), "") -> 0.00028063325 | AH50: ='Sample ID'!$F$6 -> 1 | AI50: =IFERROR((X50*$AH$32),"") -> 0.00078084331 | AJ50: =IFERROR((Y50*$AH$32),"") -> 0.0013664758 | AK50: =IFERROR((Z50*$AH$32),"") -> 0.0012688704 | AL50: =IFERROR((AA50*$AH$32),"") -> 0.00078084331 | AM50: =IFERROR((AB50*$AH$32),"") -> 0.0013664758 | AN50: =IFERROR((AC50*$AH$32),"") -> 0.0012688704 | AO50: =IFERROR(AD50*AH50,"") -> 0.0011387298 | AP50: =IFERROR(STDEV(AI50:AN50), "") -> 0.00028063325
D51: B | E51: =Data!B40 -> 1.984 | F51: =Data!C40 -> 1.998 | G51: =Data!D40 -> 2.007 | H51: =Data!E40 -> 1.984 | I51: =Data!F40 -> 1.998 | J51: =Data!G40 -> 2.007 | M51: B | N51: =IF(((E51-$P$11)/$P$10)>0,((E51-$P$11)/$P$10)," ") -> 1.7441437 | O51: =IF(((F51-$P$11)/$P$10)>0,((F51-$P$11)/$P$10)," ") -> 1.7578084 | P51: =IF(((G51-$P$11)/$P$10)>0,((G51-$P$11)/$P$10)," ") -> 1.7665929 | Q51: =IF(((H51-$P$11)/$P$10)>0,((H51-$P$11)/$P$10)," ") -> 1.7441437 | R51: =IF(((I51-$P$11)/$P$10)>0,((I51-$P$11)/$P$10)," ") -> 1.7578084 | S51: =IF(((J51-$P$11)/$P$10)>0,((J51-$P$11)/$P$10)," ") -> 1.7665929 | T51: =IFERROR(AVERAGE(N51:S51),"") -> 1.7561817 | U51: =IFERROR(STDEV(N51:S51),"") -> 0.010118376 | W51: 10 | X51: =IFERROR(($N$15-N51)/W51,"") -> -0.0020497137 | Y51: =IFERROR(($O$15-O51)/W51,"") -> -0.0037090057 | Z51: =IFERROR(($P$15-P51)/W51,"") -> -0.0034161895 | AA51: =IFERROR(($Q$15-Q51)/W51,"") -> -0.0020497137 | AB51: =IFERROR(($R$15-R51)/W51,"") -> -0.0037090057 | AC51: =IFERROR(($S$15-S51)/W51,"") -> -0.0034161895 | AD51: =IFERROR(AVERAGE(X51:AC51), "") -> -0.003058303 | AE51: =IFERROR(STDEV(X51:AC51), "") -> 0.00079214877 | AH51: ='Sample ID'!$F$7 -> 1 | AI51: =IFERROR((X51*$AH$33),"") -> -0.0020497137 | AJ51: =IFERROR((Y51*$AH$33),"") -> -0.0037090057 | AK51: =IFERROR((Z51*$AH$33),"") -> -0.0034161895 | AL51: =IFERROR((AA51*$AH$33),"") -> -0.0020497137 | AM51: =IFERROR((AB51*$AH$33),"") -> -0.0037090057 | AN51: =IFERROR((AC51*$AH$33),"") -> -0.0034161895 | AO51: =IFERROR(AD51*AH51,"") -> -0.003058303 | AP51: =IFERROR(STDEV(AI51:AN51), "") -> 0.00079214877
D52: C | E52: =Data!B41 -> 2.001 | F52: =Data!C41 -> 2.018 | G52: =Data!D41 -> 2.027 | H52: =Data!E41 -> 2.001 | I52: =Data!F41 -> 2.018 | J52: =Data!G41 -> 2.027 | M52: C | N52: =IF(((E52-$P$11)/$P$10)>0,((E52-$P$11)/$P$10)," ") -> 1.7607366 | O52: =IF(((F52-$P$11)/$P$10)>0,((F52-$P$11)/$P$10)," ") -> 1.7773295 | P52: =IF(((G52-$P$11)/$P$10)>0,((G52-$P$11)/$P$10)," ") -> 1.786114 | Q52: =IF(((H52-$P$11)/$P$10)>0,((H52-$P$11)/$P$10)," ") -> 1.7607366 | R52: =IF(((I52-$P$11)/$P$10)>0,((I52-$P$11)/$P$10)," ") -> 1.7773295 | S52: =IF(((J52-$P$11)/$P$10)>0,((J52-$P$11)/$P$10)," ") -> 1.786114 | T52: =IFERROR(AVERAGE(N52:S52),"") -> 1.7747267 | U52: =IFERROR(STDEV(N52:S52),"") -> 0.01152681 | W52: 10 | X52: =IFERROR(($N$16-N52)/W52,"") -> -0.0021473191 | Y52: =IFERROR(($O$16-O52)/W52,"") -> -0.0017568974 | Z52: =IFERROR(($P$16-P52)/W52,"") -> 0 | AA52: =IFERROR(($Q$16-Q52)/W52,"") -> -0.0021473191 | AB52: =IFERROR(($R$16-R52)/W52,"") -> -0.0017568974 | AC52: =IFERROR(($S$16-S52)/W52,"") -> 0 | AD52: =IFERROR(AVERAGE(X52:AC52), "") -> -0.0013014055 | AE52: =IFERROR(STDEV(X52:AC52), "") -> 0.0010230736 | AH52: ='Sample ID'!$F$8 -> 1 | AI52: =IFERROR((X52*$AH$34),"") -> -0.0021473191 | AJ52: =IFERROR((Y52*$AH$34),"") -> -0.0017568974 | AK52: =IFERROR((Z52*$AH$34),"") -> 0 | AL52: =IFERROR((AA52*$AH$34),"") -> -0.0021473191 | AM52: =IFERROR((AB52*$AH$34),"") -> -0.0017568974 | AN52: =IFERROR((AC52*$AH$34),"") -> 0 | AO52: =IFERROR(AD52*AH52,"") -> -0.0013014055 | AP52: =IFERROR(STDEV(AI52:AN52), "") -> 0.0010230736
D53: D | E53: =Data!B42 -> 2.197 | F53: =Data!C42 -> 2.218 | G53: =Data!D42 -> 2.204 | H53: =Data!E42 -> 2.197 | I53: =Data!F42 -> 2.218 | J53: =Data!G42 -> 2.204 | M53: D | N53: =IF(((E53-$P$11)/$P$10)>0,((E53-$P$11)/$P$10)," ") -> 1.9520432 | O53: =IF(((F53-$P$11)/$P$10)>0,((F53-$P$11)/$P$10)," ") -> 1.9725403 | P53: =IF(((G53-$P$11)/$P$10)>0,((G53-$P$11)/$P$10)," ") -> 1.9588756 | Q53: =IF(((H53-$P$11)/$P$10)>0,((H53-$P$11)/$P$10)," ") -> 1.9520432 | R53: =IF(((I53-$P$11)/$P$10)>0,((I53-$P$11)/$P$10)," ") -> 1.9725403 | S53: =IF(((J53-$P$11)/$P$10)>0,((J53-$P$11)/$P$10)," ") -> 1.9588756 | T53: =IFERROR(AVERAGE(N53:S53),"") -> 1.961153 | U53: =IFERROR(STDEV(N53:S53),"") -> 0.0093348068 | W53: 10 | X53: =IFERROR(($N$17-N53)/W53,"") -> -0.014347996 | Y53: =IFERROR(($O$17-O53)/W53,"") -> -0.016690526 | Z53: =IFERROR(($P$17-P53)/W53,"") -> -0.014543207 | AA53: =IFERROR(($Q$17-Q53)/W53,"") -> -0.014347996 | AB53: =IFERROR(($R$17-R53)/W53,"") -> -0.016690526 | AC53: =IFERROR(($S$17-S53)/W53,"") -> -0.014543207 | AD53: =IFERROR(AVERAGE(X53:AC53), "") -> -0.015193909 | AE53: =IFERROR(STDEV(X53:AC53), "") -> 0.0011625566 | AH53: ='Sample ID'!$F$9 -> 1 | AI53: =IFERROR((X53*$AH$35),"") -> -0.014347996 | AJ53: =IFERROR((Y53*$AH$35),"") -> -0.016690526 | AK53: =IFERROR((Z53*$AH$35),"") -> -0.014543207 | AL53: =IFERROR((AA53*$AH$35),"") -> -0.014347996 | AM53: =IFERROR((AB53*$AH$35),"") -> -0.016690526 | AN53: =IFERROR((AC53*$AH$35),"") -> -0.014543207 | AO53: =IFERROR(AD53*AH53,"") -> -0.015193909 | AP53: =IFERROR(STDEV(AI53:AN53), "") -> 0.0011625566
D54: E | E54: =Data!B43 -> 2.171 | F54: =Data!C43 -> 2.161 | G54: =Data!D43 -> 2.167 | H54: =Data!E43 -> 2.171 | I54: =Data!F43 -> 2.161 | J54: =Data!G43 -> 2.167 | M54: E | N54: =IF(((E54-$P$11)/$P$10)>0,((E54-$P$11)/$P$10)," ") -> 1.9266658 | O54: =IF(((F54-$P$11)/$P$10)>0,((F54-$P$11)/$P$10)," ") -> 1.9169053 | P54: =IF(((G54-$P$11)/$P$10)>0,((G54-$P$11)/$P$10)," ") -> 1.9227616 | Q54: =IF(((H54-$P$11)/$P$10)>0,((H54-$P$11)/$P$10)," ") -> 1.9266658 | R54: =IF(((I54-$P$11)/$P$10)>0,((I54-$P$11)/$P$10)," ") -> 1.9169053 | S54: =IF(((J54-$P$11)/$P$10)>0,((J54-$P$11)/$P$10)," ") -> 1.9227616 | T54: =IFERROR(AVERAGE(N54:S54),"") -> 1.9221109 | U54: =IFERROR(STDEV(N54:S54),"") -> 0.0043940508 | W54: 10 | X54: =IFERROR(($N$18-N54)/W54,"") -> -0.0078084331 | Y54: =IFERROR(($O$18-O54)/W54,"") -> -0.0091749089 | Z54: =IFERROR(($P$18-P54)/W54,"") -> -0.0076132223 | AA54: =IFERROR(($Q$18-Q54)/W54,"") -> -0.0078084331 | AB54: =IFERROR(($R$18-R54)/W54,"") -> -0.0091749089 | AC54: =IFERROR(($S$18-S54)/W54,"") -> -0.0076132223 | AD54: =IFERROR(AVERAGE(X54:AC54), "") -> -0.0081988548 | AE54: =IFERROR(STDEV(X54:AC54), "") -> 0.00076107192 | AH54: ='Sample ID'!$F$10 -> 1 | AI54: =IFERROR((X54*$AH$36),"") -> -0.0078084331 | AJ54: =IFERROR((Y54*$AH$36),"") -> -0.0091749089 | AK54: =IFERROR((Z54*$AH$36),"") -> -0.0076132223 | AL54: =IFERROR((AA54*$AH$36),"") -> -0.0078084331 | AM54: =IFERROR((AB54*$AH$36),"") -> -0.0091749089 | AN54: =IFERROR((AC54*$AH$36),"") -> -0.0076132223 | AO54: =IFERROR(AD54*AH54,"") -> -0.0081988548 | AP54: =IFERROR(STDEV(AI54:AN54), "") -> 0.00076107192
D55: F | E55: =Data!B44 -> 1.783 | F55: =Data!C44 -> 1.823 | G55: =Data!D44 -> 1.773 | H55: =Data!E44 -> 1.783 | I55: =Data!F44 -> 1.823 | J55: =Data!G44 -> 1.773 | M55: F | N55: =IF(((E55-$P$11)/$P$10)>0,((E55-$P$11)/$P$10)," ") -> 1.5479568 | O55: =IF(((F55-$P$11)/$P$10)>0,((F55-$P$11)/$P$10)," ") -> 1.586999 | P55: =IF(((G55-$P$11)/$P$10)>0,((G55-$P$11)/$P$10)," ") -> 1.5381963 | Q55: =IF(((H55-$P$11)/$P$10)>0,((H55-$P$11)/$P$10)," ") -> 1.5479568 | R55: =IF(((I55-$P$11)/$P$10)>0,((I55-$P$11)/$P$10)," ") -> 1.586999 | S55: =IF(((J55-$P$11)/$P$10)>0,((J55-$P$11)/$P$10)," ") -> 1.5381963 | T55: =IFERROR(AVERAGE(N55:S55),"") -> 1.5577173 | U55: =IFERROR(STDEV(N55:S55),"") -> 0.023097657 | W55: 10 | X55: =IFERROR(($N$19-N55)/W55,"") -> 0.011127017 | Y55: =IFERROR(($O$19-O55)/W55,"") -> 0.010834201 | Z55: =IFERROR(($P$19-P55)/W55,"") -> 0.01190786 | AA55: =IFERROR(($Q$19-Q55)/W55,"") -> 0.011127017 | AB55: =IFERROR(($R$19-R55)/W55,"") -> 0.010834201 | AC55: =IFERROR(($S$19-S55)/W55,"") -> 0.01190786 | AD55: =IFERROR(AVERAGE(X55:AC55), "") -> 0.011289693 | AE55: =IFERROR(STDEV(X55:AC55), "") -> 0.00049641414 | AH55: ='Sample ID'!$F$11 -> 0 | AI55: =IFERROR((X55*$AH$37),"") -> 0 | AJ55: =IFERROR((Y55*$AH$37),"") -> 0 | AK55: =IFERROR((Z55*$AH$37),"") -> 0 | AL55: =IFERROR((AA55*$AH$37),"") -> 0 | AM55: =IFERROR((AB55*$AH$37),"") -> 0 | AN55: =IFERROR((AC55*$AH$37),"") -> 0 | AO55: =IFERROR(AD55*AH55,"") -> 0 | AP55: =IFERROR(STDEV(AI55:AN55), "") -> 0
D56: G | E56: =Data!B45 -> 1.856 | F56: =Data!C45 -> 1.851 | G56: =Data!D45 -> 1.871 | H56: =Data!E45 -> 1.856 | I56: =Data!F45 -> 1.851 | J56: =Data!G45 -> 1.871 | M56: G | N56: =IF(((E56-$P$11)/$P$10)>0,((E56-$P$11)/$P$10)," ") -> 1.6192087 | O56: =IF(((F56-$P$11)/$P$10)>0,((F56-$P$11)/$P$10)," ") -> 1.6143285 | P56: =IF(((G56-$P$11)/$P$10)>0,((G56-$P$11)/$P$10)," ") -> 1.6338496 | Q56: =IF(((H56-$P$11)/$P$10)>0,((H56-$P$11)/$P$10)," ") -> 1.6192087 | R56: =IF(((I56-$P$11)/$P$10)>0,((I56-$P$11)/$P$10)," ") -> 1.6143285 | S56: =IF(((J56-$P$11)/$P$10)>0,((J56-$P$11)/$P$10)," ") -> 1.6338496 | T56: =IFERROR(AVERAGE(N56:S56),"") -> 1.6224623 | U56: =IFERROR(STDEV(N56:S56),"") -> 0.0090865695 | W56: 10 | X56: =IFERROR(($N$20-N56)/W56,"") -> 0.0049778761 | Y56: =IFERROR(($O$20-O56)/W56,"") -> 0.0049778761 | Z56: =IFERROR(($P$20-P56)/W56,"") -> 0.0041970328 | AA56: =IFERROR(($Q$20-Q56)/W56,"") -> 0.0049778761 | AB56: =IFERROR(($R$20-R56)/W56,"") -> 0.0049778761 | AC56: =IFERROR(($S$20-S56)/W56,"") -> 0.0041970328 | AD56: =IFERROR(AVERAGE(X56:AC56), "") -> 0.004717595 | AE56: =IFERROR(STDEV(X56:AC56), "") -> 0.00040322575 | AH56: ='Sample ID'!$F$12 -> 0 | AI56: =IFERROR((X56*$AH$38),"") -> 0 | AJ56: =IFERROR((Y56*$AH$38),"") -> 0 | AK56: =IFERROR((Z56*$AH$38),"") -> 0 | AL56: =IFERROR((AA56*$AH$38),"") -> 0 | AM56: =IFERROR((AB56*$AH$38),"") -> 0 | AN56: =IFERROR((AC56*$AH$38),"") -> 0 | AO56: =IFERROR(AD56*AH56,"") -> 0 | AP56: =IFERROR(STDEV(AI56:AN56), "") -> 0
D57: H | E57: =Data!B46 -> 0 | F57: =Data!C46 -> 0 | G57: =Data!D46 -> 0 | H57: =Data!E46 -> 0 | I57: =Data!F46 -> 0 | J57: =Data!G46 -> 0 | M57: H | N57: =IF(((E57-$P$11)/$P$10)>0,((E57-$P$11)/$P$10)," ") | O57: =IF(((F57-$P$11)/$P$10)>0,((F57-$P$11)/$P$10)," ") | P57: =IF(((G57-$P$11)/$P$10)>0,((G57-$P$11)/$P$10)," ") | Q57: =IF(((H57-$P$11)/$P$10)>0,((H57-$P$11)/$P$10)," ") | R57: =IF(((I57-$P$11)/$P$10)>0,((I57-$P$11)/$P$10)," ") | S57: =IF(((J57-$P$11)/$P$10)>0,((J57-$P$11)/$P$10)," ") | T57: =IFERROR(AVERAGE(N57:S57),"") | U57: =IFERROR(STDEV(N57:S57),"") | W57: 10 | X57: =IFERROR(($N$21-N57)/W57,"") | Y57: =IFERROR(($O$21-O57)/W57,"") | Z57: =IFERROR(($P$21-P57)/W57,"") | AA57: =IFERROR(($Q$21-Q57)/W57,"") | AB57: =IFERROR(($R$21-R57)/W57,"") | AC57: =IFERROR(($S$21-S57)/W57,"") | AD57: =IFERROR(AVERAGE(X57:AC57), "") | AE57: =IFERROR(STDEV(X57:AC57), "") | AH57: ='Sample ID'!$F$13 -> 0 | AI57: =IFERROR((X57*$AH$39),"") | AJ57: =IFERROR((Y57*$AH$39),"") | AK57: =IFERROR((Z57*$AH$39),"") | AL57: =IFERROR((AA57*$AH$39),"") | AM57: =IFERROR((AB57*$AH$39),"") | AN57: =IFERROR((AC57*$AH$39),"") | AO57: =IFERROR(AD57*AH57,"") | AP57: =IFERROR(STDEV(AI57:AN57), "")
E58: 7 | F58: 8 | G58: 9 | H58: 10 | I58: 11 | J58: 12 | N58: 7 | O58: 8 | P58: 9 | Q58: 10 | R58: 11 | S58: 12 | T58: Average SC (mg/ml) | U58: Std Dev | X58: 7 | Y58: 8 | Z58: 9 | AA58: 10 | AB58: 11 | AC58: 12 | AD58: Average Δ SC (mg/ml/min) | AE58: Std Dev | AP58: Std Dev
D59: A | E59: =Data!H39 -> 0 | F59: =Data!I39 -> 0 | G59: =Data!J39 -> 0 | H59: =Data!K39 -> 0 | I59: =Data!L39 -> 0 | J59: =Data!M39 -> 0 | M59: A | N59: =IF(((E59-$P$11)/$P$10)>0,((E59-$P$11)/$P$10)," ") | O59: =IF(((F59-$P$11)/$P$10)>0,((F59-$P$11)/$P$10)," ") | P59: =IF(((G59-$P$11)/$P$10)>0,((G59-$P$11)/$P$10)," ") | Q59: =IF(((H59-$P$11)/$P$10)>0,((H59-$P$11)/$P$10)," ") | R59: =IF(((I59-$P$11)/$P$10)>0,((I59-$P$11)/$P$10)," ") | S59: =IF(((J59-$P$11)/$P$10)>0,((J59-$P$11)/$P$10)," ") | T59: =IFERROR(AVERAGE(N59:S59),"") | U59: =IFERROR(STDEV(N59:S59),"") | W59: 10 | X59: =IFERROR(($N$23-N59)/W59,"") | Y59: =IFERROR(($O$23-O59)/W59,"") | Z59: =IFERROR(($P$23-P59)/W59,"") | AA59: =IFERROR(($Q$23-Q59)/W59,"") | AB59: =IFERROR(($R$23-R59)/W59,"") | AC59: =IFERROR(($S$23-S59)/W59,"") | AD59: =IFERROR(AVERAGE(X59:AC59), "") | AE59: =IFERROR(STDEV(X59:AC59), "") | AH59: ='Sample ID'!$F$14 -> 0 | AI59: =IFERROR((X59*$AH$41),"") | AJ59: =IFERROR((Y59*$AH$41),"") | AK59: =IFERROR((Z59*$AH$41),"") | AL59: =IFERROR((AA59*$AH$41),"") | AM59: =IFERROR((AB59*$AH$41),"") | AN59: =IFERROR((AC59*$AH$41),"") | AO59: =IFERROR(AD59*AH59,"") | AP59: =IFERROR(STDEV(AI59:AN59), "")
D60: B | E60: =Data!H40 -> 0 | F60: =Data!I40 -> 0 | G60: =Data!J40 -> 0 | H60: =Data!K40 -> 0 | I60: =Data!L40 -> 0 | J60: =Data!M40 -> 0 | M60: B | N60: =IF(((E60-$P$11)/$P$10)>0,((E60-$P$11)/$P$10)," ") | O60: =IF(((F60-$P$11)/$P$10)>0,((F60-$P$11)/$P$10)," ") | P60: =IF(((G60-$P$11)/$P$10)>0,((G60-$P$11)/$P$10)," ") | Q60: =IF(((H60-$P$11)/$P$10)>0,((H60-$P$11)/$P$10)," ") | R60: =IF(((I60-$P$11)/$P$10)>0,((I60-$P$11)/$P$10)," ") | S60: =IF(((J60-$P$11)/$P$10)>0,((J60-$P$11)/$P$10)," ") | T60: =IFERROR(AVERAGE(N60:S60),"") | U60: =IFERROR(STDEV(N60:S60),"") | W60: 10 | X60: =IFERROR(($N$24-N60)/W60,"") | Y60: =IFERROR(($O$24-O60)/W60,"") | Z60: =IFERROR(($P$24-P60)/W60,"") | AA60: =IFERROR(($Q$24-Q60)/W60,"") | AB60: =IFERROR(($R$24-R60)/W60,"") | AC60: =IFERROR(($S$24-S60)/W60,"") | AD60: =IFERROR(AVERAGE(X60:AC60), "") | AE60: =IFERROR(STDEV(X60:AC60), "") | AH60: ='Sample ID'!$F$15 -> 0 | AI60: =IFERROR((X60*$AH$42),"") | AJ60: =IFERROR((Y60*$AH$42),"") | AK60: =IFERROR((Z60*$AH$42),"") | AL60: =IFERROR((AA60*$AH$42),"") | AM60: =IFERROR((AB60*$AH$42),"") | AN60: =IFERROR((AC60*$AH$42),"") | AO60: =IFERROR(AD60*AH60,"") | AP60: =IFERROR(STDEV(AI60:AN60), "")
D61: C | E61: =Data!H41 -> 0 | F61: =Data!I41 -> 0 | G61: =Data!J41 -> 0 | H61: =Data!K41 -> 0 | I61: =Data!L41 -> 0 | J61: =Data!M41 -> 0 | M61: C | N61: =IF(((E61-$P$11)/$P$10)>0,((E61-$P$11)/$P$10)," ") | O61: =IF(((F61-$P$11)/$P$10)>0,((F61-$P$11)/$P$10)," ") | P61: =IF(((G61-$P$11)/$P$10)>0,((G61-$P$11)/$P$10)," ") | Q61: =IF(((H61-$P$11)/$P$10)>0,((H61-$P$11)/$P$10)," ") | R61: =IF(((I61-$P$11)/$P$10)>0,((I61-$P$11)/$P$10)," ") | S61: =IF(((J61-$P$11)/$P$10)>0,((J61-$P$11)/$P$10)," ") | T61: =IFERROR(AVERAGE(N61:S61),"") | U61: =IFERROR(STDEV(N61:S61),"") | W61: 10 | X61: =IFERROR(($N$25-N61)/W61,"") | Y61: =IFERROR(($O$25-O61)/W61,"") | Z61: =IFERROR(($P$25-P61)/W61,"") | AA61: =IFERROR(($Q$25-Q61)/W61,"") | AB61: =IFERROR(($R$25-R61)/W61,"") | AC61: =IFERROR(($S$25-S61)/W61,"") | AD61: =IFERROR(AVERAGE(X61:AC61), "") | AE61: =IFERROR(STDEV(X61:AC61), "") | AH61: ='Sample ID'!$F$16 -> 0 | AI61: =IFERROR((X61*$AH$43),"") | AJ61: =IFERROR((Y61*$AH$43),"") | AK61: =IFERROR((Z61*$AH$43),"") | AL61: =IFERROR((AA61*$AH$43),"") | AM61: =IFERROR((AB61*$AH$43),"") | AN61: =IFERROR((AC61*$AH$43),"") | AO61: =IFERROR(AD61*AH61,"") | AP61: =IFERROR(STDEV(AI61:AN61), "")
D62: D | E62: =Data!H42 -> 0 | F62: =Data!I42 -> 0 | G62: =Data!J42 -> 0 | H62: =Data!K42 -> 0 | I62: =Data!L42 -> 0 | J62: =Data!M42 -> 0 | M62: D | N62: =IF(((E62-$P$11)/$P$10)>0,((E62-$P$11)/$P$10)," ") | O62: =IF(((F62-$P$11)/$P$10)>0,((F62-$P$11)/$P$10)," ") | P62: =IF(((G62-$P$11)/$P$10)>0,((G62-$P$11)/$P$10)," ") | Q62: =IF(((H62-$P$11)/$P$10)>0,((H62-$P$11)/$P$10)," ") | R62: =IF(((I62-$P$11)/$P$10)>0,((I62-$P$11)/$P$10)," ") | S62: =IF(((J62-$P$11)/$P$10)>0,((J62-$P$11)/$P$10)," ") | T62: =IFERROR(AVERAGE(N62:S62),"") | U62: =IFERROR(STDEV(N62:S62),"") | W62: 10 | X62: =IFERROR(($N$26-N62)/W62,"") | Y62: =IFERROR(($O$26-O62)/W62,"") | Z62: =IFERROR(($P$26-P62)/W62,"") | AA62: =IFERROR(($Q$17-Q62)/W62,"") | AB62: =IFERROR(($R$26-R62)/W62,"") | AC62: =IFERROR(($S$26-S62)/W62,"") | AD62: =IFERROR(AVERAGE(X62:AC62), "") | AE62: =IFERROR(STDEV(X62:AC62), "") | AH62: ='Sample ID'!$F$17 -> 0 | AI62: =IFERROR((X62*$AH$44),"") | AJ62: =IFERROR((Y62*$AH$44),"") | AK62: =IFERROR((Z62*$AH$44),"") | AL62: =IFERROR((AA62*$AH$44),"") | AM62: =IFERROR((AB62*$AH$44),"") | AN62: =IFERROR((AC62*$AH$44),"") | AO62: =IFERROR(AD62*AH62,"") | AP62: =IFERROR(STDEV(AI62:AN62), "")
D63: E | E63: =Data!H43 -> 0 | F63: =Data!I43 -> 0 | G63: =Data!J43 -> 0 | H63: =Data!K43 -> 0 | I63: =Data!L43 -> 0 | J63: =Data!M43 -> 0 | M63: E | N63: =IF(((E63-$P$11)/$P$10)>0,((E63-$P$11)/$P$10)," ") | O63: =IF(((F63-$P$11)/$P$10)>0,((F63-$P$11)/$P$10)," ") | P63: =IF(((G63-$P$11)/$P$10)>0,((G63-$P$11)/$P$10)," ") | Q63: =IF(((H63-$P$11)/$P$10)>0,((H63-$P$11)/$P$10)," ") | R63: =IF(((I63-$P$11)/$P$10)>0,((I63-$P$11)/$P$10)," ") | S63: =IF(((J63-$P$11)/$P$10)>0,((J63-$P$11)/$P$10)," ") | T63: =IFERROR(AVERAGE(N63:S63),"") | U63: =IFERROR(STDEV(N63:S63),"") | W63: 10 | X63: =IFERROR(($N$27-N63)/W63,"") | Y63: =IFERROR(($O$27-O63)/W63,"") | Z63: =IFERROR(($P$27-P63)/W63,"") | AA63: =IFERROR(($Q$18-Q63)/W63,"") | AB63: =IFERROR(($R$27-R63)/W63,"") | AC63: =IFERROR(($S$27-S63)/W63,"") | AD63: =IFERROR(AVERAGE(X63:AC63), "") | AE63: =IFERROR(STDEV(X63:AC63), "") | AH63: ='Sample ID'!$F$18 -> 0 | AI63: =IFERROR((X63*$AH$45),"") | AJ63: =IFERROR((Y63*$AH$45),"") | AK63: =IFERROR((Z63*$AH$45),"") | AL63: =IFERROR((AA63*$AH$45),"") | AM63: =IFERROR((AB63*$AH$45),"") | AN63: =IFERROR((AC63*$AH$45),"") | AO63: =IFERROR(AD63*AH63,"") | AP63: =IFERROR(STDEV(AI63:AN63), "")
D64: F | E64: =Data!H44 -> 0 | F64: =Data!I44 -> 0 | G64: =Data!J44 -> 0 | H64: =Data!K44 -> 0 | I64: =Data!L44 -> 0 | J64: =Data!M44 -> 0 | M64: F | N64: =IF(((E64-$P$11)/$P$10)>0,((E64-$P$11)/$P$10)," ") | O64: =IF(((F64-$P$11)/$P$10)>0,((F64-$P$11)/$P$10)," ") | P64: =IF(((G64-$P$11)/$P$10)>0,((G64-$P$11)/$P$10)," ") | Q64: =IF(((H64-$P$11)/$P$10)>0,((H64-$P$11)/$P$10)," ") | R64: =IF(((I64-$P$11)/$P$10)>0,((I64-$P$11)/$P$10)," ") | S64: =IF(((J64-$P$11)/$P$10)>0,((J64-$P$11)/$P$10)," ") | T64: =IFERROR(AVERAGE(N64:S64),"") | U64: =IFERROR(STDEV(N64:S64),"") | W64: 10 | X64: =IFERROR(($N$28-N64)/W64,"") | Y64: =IFERROR(($O$28-O64)/W64,"") | Z64: =IFERROR(($P$28-P64)/W64,"") | AA64: =IFERROR(($Q$19-Q64)/W64,"") | AB64: =IFERROR(($R$28-R64)/W64,"") | AC64: =IFERROR(($S$28-S64)/W64,"") | AD64: =IFERROR(AVERAGE(X64:AC64), "") | AE64: =IFERROR(STDEV(X64:AC64), "") | AH64: ='Sample ID'!$F$19 -> 0 | AI64: =IFERROR((X64*$AH$46),"") | AJ64: =IFERROR((Y64*$AH$46),"") | AK64: =IFERROR((Z64*$AH$46),"") | AL64: =IFERROR((AA64*$AH$46),"") | AM64: =IFERROR((AB64*$AH$46),"") | AN64: =IFERROR((AC64*$AH$46),"") | AO64: =IFERROR(AD64*AH64,"") | AP64: =IFERROR(STDEV(AI64:AN64), "")
D65: G | E65: =Data!H45 -> 0 | F65: =Data!I45 -> 0 | G65: =Data!J45 -> 0 | H65: =Data!K45 -> 0 | I65: =Data!L45 -> 0 | J65: =Data!M45 -> 0 | M65: G | N65: =IF(((E65-$P$11)/$P$10)>0,((E65-$P$11)/$P$10)," ") | O65: =IF(((F65-$P$11)/$P$10)>0,((F65-$P$11)/$P$10)," ") | P65: =IF(((G65-$P$11)/$P$10)>0,((G65-$P$11)/$P$10)," ") | Q65: =IF(((H65-$P$11)/$P$10)>0,((H65-$P$11)/$P$10)," ") | R65: =IF(((I65-$P$11)/$P$10)>0,((I65-$P$11)/$P$10)," ") | S65: =IF(((J65-$P$11)/$P$10)>0,((J65-$P$11)/$P$10)," ") | T65: =IFERROR(AVERAGE(N65:S65),"") | U65: =IFERROR(STDEV(N65:S65),"") | W65: 10 | X65: =IFERROR(($N$29-N65)/W65,"") | Y65: =IFERROR(($O$29-O65)/W65,"") | Z65: =IFERROR(($P$29-P65)/W65,"") | AA65: =IFERROR(($Q$20-Q65)/W65,"") | AB65: =IFERROR(($R$29-R65)/W65,"") | AC65: =IFERROR(($S$29-S65)/W65,"") | AD65: =IFERROR(AVERAGE(X65:AC65), "") | AE65: =IFERROR(STDEV(X65:AC65), "") | AH65: ='Sample ID'!$F$20 -> 0 | AI65: =IFERROR((X65*$AH$47),"") | AJ65: =IFERROR((Y65*$AH$47),"") | AK65: =IFERROR((Z65*$AH$47),"") | AL65: =IFERROR((AA65*$AH$47),"") | AM65: =IFERROR((AB65*$AH$47),"") | AN65: =IFERROR((AC65*$AH$47),"") | AO65: =IFERROR(AD65*AH65,"") | AP65: =IFERROR(STDEV(AI65:AN65), "")
D66: H | E66: =Data!H46 -> 0 | F66: =Data!I46 -> 0 | G66: =Data!J46 -> 0 | H66: =Data!K46 -> 0 | I66: =Data!L46 -> 0 | J66: =Data!M46 -> 0 | M66: H | N66: =IF(((E66-$P$11)/$P$10)>0,((E66-$P$11)/$P$10)," ") | O66: =IF(((F66-$P$11)/$P$10)>0,((F66-$P$11)/$P$10)," ") | P66: =IF(((G66-$P$11)/$P$10)>0,((G66-$P$11)/$P$10)," ") | Q66: =IF(((H66-$P$11)/$P$10)>0,((H66-$P$11)/$P$10)," ") | R66: =IF(((I66-$P$11)/$P$10)>0,((I66-$P$11)/$P$10)," ") | S66: =IF(((J66-$P$11)/$P$10)>0,((J66-$P$11)/$P$10)," ") | T66: =IFERROR(AVERAGE(N66:S66),"") | U66: =IFERROR(STDEV(N66:S66),"") | W66: 10 | X66: =IFERROR(($N$30-N66)/W66,"") | Y66: =IFERROR(($O$30-O66)/W66,"") | Z66: =IFERROR(($P$30-P66)/W66,"") | AA66: =IFERROR(($Q$21-Q66)/W66,"") | AB66: =IFERROR(($R$30-R66)/W66,"") | AC66: =IFERROR(($S$30-S66)/W66,"") | AD66: =IFERROR(AVERAGE(X66:AC66), "") | AE66: =IFERROR(STDEV(X66:AC66), "") | AH66: ='Sample ID'!$F$21 -> 0 | AI66: =IFERROR((X66*$AH$48),"") | AJ66: =IFERROR((Y66*$AH$48),"") | AK66: =IFERROR((Z66*$AH$48),"") | AL66: =IFERROR((AA66*$AH$48),"") | AM66: =IFERROR((AB66*$AH$48),"") | AN66: =IFERROR((AC66*$AH$48),"") | AO66: =IFERROR(AD66*AH66,"") | AP66: =IFERROR(STDEV(AI66:AN66), "")
C67: 15 | E67: 1 | F67: 2 | G67: 3 | H67: 4 | I67: 5 | J67: 6 | L67: 15 | N67: 1 | O67: 2 | P67: 3 | Q67: 4 | R67: 5 | S67: 6 | T67: Average SC (mg/ml) | U67: Std Dev | W67: Time (min) | X67: 1 | Y67: 2 | Z67: 3 | AA67: 4 | AB67: 5 | AC67: 6 | AD67: Average Δ SC (mg/ml/min) | AE67: Std Dev | AG67: 15 | AH67: Dilution factor | AO67: Activity (mg/ml/min) | AP67: Std Dev
D68: A | E68: =Data!B51 -> 1.966 | F68: =Data!C51 -> 1.958 | G68: =Data!D51 -> 1.967 | H68: =Data!E51 -> 1.966 | I68: =Data!F51 -> 1.958 | J68: =Data!G51 -> 1.967 | M68: A | N68: =IF(((E68-$P$11)/$P$10)>0,((E68-$P$11)/$P$10)," ") -> 1.7265747 | O68: =IF(((F68-$P$11)/$P$10)>0,((F68-$P$11)/$P$10)," ") -> 1.7187663 | P68: =IF(((G68-$P$11)/$P$10)>0,((G68-$P$11)/$P$10)," ") -> 1.7275508 | Q68: =IF(((H68-$P$11)/$P$10)>0,((H68-$P$11)/$P$10)," ") -> 1.7265747 | R68: =IF(((I68-$P$11)/$P$10)>0,((I68-$P$11)/$P$10)," ") -> 1.7187663 | S68: =IF(((J68-$P$11)/$P$10)>0,((J68-$P$11)/$P$10)," ") -> 1.7275508 | T68: =IFERROR(AVERAGE(N68:S68),"") -> 1.7242972 | U68: =IFERROR(STDEV(N68:S68),"") -> 0.0043064529 | W68: 15 | X68: =IFERROR(($N$14-N68)/W68,"") -> 0.00032535138 | Y68: =IFERROR(($O$14-O68)/W68,"") -> 0.00078084331 | Z68: =IFERROR(($P$14-P68)/W68,"") -> 0.0020822488 | AA68: =IFERROR(($Q$14-Q68)/W68,"") -> 0.00032535138 | AB68: =IFERROR(($R$14-R68)/W68,"") -> 0.00078084331 | AC68: =IFERROR(($S$14-S68)/W68,"") -> 0.0020822488 | AD68: =IFERROR(AVERAGE(X68:AC68), "") -> 0.0010628145 | AE68: =IFERROR(STDEV(X68:AC68), "") -> 0.00081550131 | AH68: ='Sample ID'!$F$6 -> 1 | AI68: =IFERROR((X68*$AH$32),"") -> 0.00032535138 | AJ68: =IFERROR((Y68*$AH$32),"") -> 0.00078084331 | AK68: =IFERROR((Z68*$AH$32),"") -> 0.0020822488 | AL68: =IFERROR((AA68*$AH$32),"") -> 0.00032535138 | AM68: =IFERROR((AB68*$AH$32),"") -> 0.00078084331 | AN68: =IFERROR((AC68*$AH$32),"") -> 0.0020822488 | AO68: =IFERROR(AD68*AH68,"") -> 0.0010628145 | AP68: =IFERROR(STDEV(AI68:AN68), "") -> 0.00081550131
D69: B | E69: =Data!B52 -> 1.993 | F69: =Data!C52 -> 2.001 | G69: =Data!D52 -> 2.003 | H69: =Data!E52 -> 1.993 | I69: =Data!F52 -> 2.001 | J69: =Data!G52 -> 2.003 | M69: B | N69: =IF(((E69-$P$11)/$P$10)>0,((E69-$P$11)/$P$10)," ") -> 1.7529282 | O69: =IF(((F69-$P$11)/$P$10)>0,((F69-$P$11)/$P$10)," ") -> 1.7607366 | P69: =IF(((G69-$P$11)/$P$10)>0,((G69-$P$11)/$P$10)," ") -> 1.7626887 | Q69: =IF(((H69-$P$11)/$P$10)>0,((H69-$P$11)/$P$10)," ") -> 1.7529282 | R69: =IF(((I69-$P$11)/$P$10)>0,((I69-$P$11)/$P$10)," ") -> 1.7607366 | S69: =IF(((J69-$P$11)/$P$10)>0,((J69-$P$11)/$P$10)," ") -> 1.7626887 | T69: =IFERROR(AVERAGE(N69:S69),"") -> 1.7587845 | U69: =IFERROR(STDEV(N69:S69),"") -> 0.0046195313 | W69: 15 | X69: =IFERROR(($N$15-N69)/W69,"") -> -0.0019521083 | Y69: =IFERROR(($O$15-O69)/W69,"") -> -0.0026678813 | Z69: =IFERROR(($P$15-P69)/W69,"") -> -0.0020171786 | AA69: =IFERROR(($Q$15-Q69)/W69,"") -> -0.0019521083 | AB69: =IFERROR(($R$15-R69)/W69,"") -> -0.0026678813 | AC69: =IFERROR(($S$15-S69)/W69,"") -> -0.0020171786 | AD69: =IFERROR(AVERAGE(X69:AC69), "") -> -0.0022123894 | AE69: =IFERROR(STDEV(X69:AC69), "") -> 0.00035402058 | AH69: ='Sample ID'!$F$7 -> 1 | AI69: =IFERROR((X69*$AH$33),"") -> -0.0019521083 | AJ69: =IFERROR((Y69*$AH$33),"") -> -0.0026678813 | AK69: =IFERROR((Z69*$AH$33),"") -> -0.0020171786 | AL69: =IFERROR((AA69*$AH$33),"") -> -0.0019521083 | AM69: =IFERROR((AB69*$AH$33),"") -> -0.0026678813 | AN69: =IFERROR((AC69*$AH$33),"") -> -0.0020171786 | AO69: =IFERROR(AD69*AH69,"") -> -0.0022123894 | AP69: =IFERROR(STDEV(AI69:AN69), "") -> 0.00035402058
D70: C | E70: =Data!B53 -> 2.002 | F70: =Data!C53 -> 2.017 | G70: =Data!D53 -> 2.037 | H70: =Data!E53 -> 2.002 | I70: =Data!F53 -> 2.017 | J70: =Data!G53 -> 2.037 | M70: C | N70: =IF(((E70-$P$11)/$P$10)>0,((E70-$P$11)/$P$10)," ") -> 1.7617126 | O70: =IF(((F70-$P$11)/$P$10)>0,((F70-$P$11)/$P$10)," ") -> 1.7763535 | P70: =IF(((G70-$P$11)/$P$10)>0,((G70-$P$11)/$P$10)," ") -> 1.7958745 | Q70: =IF(((H70-$P$11)/$P$10)>0,((H70-$P$11)/$P$10)," ") -> 1.7617126 | R70: =IF(((I70-$P$11)/$P$10)>0,((I70-$P$11)/$P$10)," ") -> 1.7763535 | S70: =IF(((J70-$P$11)/$P$10)>0,((J70-$P$11)/$P$10)," ") -> 1.7958745 | T70: =IFERROR(AVERAGE(N70:S70),"") -> 1.7779802 | U70: =IFERROR(STDEV(N70:S70),"") -> 0.015329541 | W70: 15 | X70: =IFERROR(($N$16-N70)/W70,"") -> -0.0014966163 | Y70: =IFERROR(($O$16-O70)/W70,"") -> -0.0011061947 | Z70: =IFERROR(($P$16-P70)/W70,"") -> -0.00065070276 | AA70: =IFERROR(($Q$16-Q70)/W70,"") -> -0.0014966163 | AB70: =IFERROR(($R$16-R70)/W70,"") -> -0.0011061947 | AC70: =IFERROR(($S$16-S70)/W70,"") -> -0.00065070276 | AD70: =IFERROR(AVERAGE(X70:AC70), "") -> -0.0010845046 | AE70: =IFERROR(STDEV(X70:AC70), "") -> 0.00037867695 | AH70: ='Sample ID'!$F$8 -> 1 | AI70: =IFERROR((X70*$AH$34),"") -> -0.0014966163 | AJ70: =IFERROR((Y70*$AH$34),"") -> -0.0011061947 | AK70: =IFERROR((Z70*$AH$34),"") -> -0.00065070276 | AL70: =IFERROR((AA70*$AH$34),"") -> -0.0014966163 | AM70: =IFERROR((AB70*$AH$34),"") -> -0.0011061947 | AN70: =IFERROR((AC70*$AH$34),"") -> -0.00065070276 | AO70: =IFERROR(AD70*AH70,"") -> -0.0010845046 | AP70: =IFERROR(STDEV(AI70:AN70), "") -> 0.00037867695
D71: D | E71: =Data!B54 -> 2.248 | F71: =Data!C54 -> 2.237 | G71: =Data!D54 -> 2.236 | H71: =Data!E54 -> 2.248 | I71: =Data!F54 -> 2.237 | J71: =Data!G54 -> 2.236 | M71: D | N71: =IF(((E71-$P$11)/$P$10)>0,((E71-$P$11)/$P$10)," ") -> 2.001822 | O71: =IF(((F71-$P$11)/$P$10)>0,((F71-$P$11)/$P$10)," ") -> 1.9910854 | P71: =IF(((G71-$P$11)/$P$10)>0,((G71-$P$11)/$P$10)," ") -> 1.9901093 | Q71: =IF(((H71-$P$11)/$P$10)>0,((H71-$P$11)/$P$10)," ") -> 2.001822 | R71: =IF(((I71-$P$11)/$P$10)>0,((I71-$P$11)/$P$10)," ") -> 1.9910854 | S71: =IF(((J71-$P$11)/$P$10)>0,((J71-$P$11)/$P$10)," ") -> 1.9901093 | T71: =IFERROR(AVERAGE(N71:S71),"") -> 1.9943389 | U71: =IFERROR(STDEV(N71:S71),"") -> 0.0058127828 | W71: 15 | X71: =IFERROR(($N$17-N71)/W71,"") -> -0.012883915 | Y71: =IFERROR(($O$17-O71)/W71,"") -> -0.012363352 | Z71: =IFERROR(($P$17-P71)/W71,"") -> -0.01177772 | AA71: =IFERROR(($Q$17-Q71)/W71,"") -> -0.012883915 | AB71: =IFERROR(($R$17-R71)/W71,"") -> -0.012363352 | AC71: =IFERROR(($S$17-S71)/W71,"") -> -0.01177772 | AD71: =IFERROR(AVERAGE(X71:AC71), "") -> -0.012341662 | AE71: =IFERROR(STDEV(X71:AC71), "") -> 0.00049499052 | AH71: ='Sample ID'!$F$9 -> 1 | AI71: =IFERROR((X71*$AH$35),"") -> -0.012883915 | AJ71: =IFERROR((Y71*$AH$35),"") -> -0.012363352 | AK71: =IFERROR((Z71*$AH$35),"") -> -0.01177772 | AL71: =IFERROR((AA71*$AH$35),"") -> -0.012883915 | AM71: =IFERROR((AB71*$AH$35),"") -> -0.012363352 | AN71: =IFERROR((AC71*$AH$35),"") -> -0.01177772 | AO71: =IFERROR(AD71*AH71,"") -> -0.012341662 | AP71: =IFERROR(STDEV(AI71:AN71), "") -> 0.00049499052
D72: E | E72: =Data!B55 -> 2.185 | F72: =Data!C55 -> 2.184 | G72: =Data!D55 -> 2.184 | H72: =Data!E55 -> 2.185 | I72: =Data!F55 -> 2.184 | J72: =Data!G55 -> 2.184 | M72: E | N72: =IF(((E72-$P$11)/$P$10)>0,((E72-$P$11)/$P$10)," ") -> 1.9403306 | O72: =IF(((F72-$P$11)/$P$10)>0,((F72-$P$11)/$P$10)," ") -> 1.9393545 | P72: =IF(((G72-$P$11)/$P$10)>0,((G72-$P$11)/$P$10)," ") -> 1.9393545 | Q72: =IF(((H72-$P$11)/$P$10)>0,((H72-$P$11)/$P$10)," ") -> 1.9403306 | R72: =IF(((I72-$P$11)/$P$10)>0,((I72-$P$11)/$P$10)," ") -> 1.9393545 | S72: =IF(((J72-$P$11)/$P$10)>0,((J72-$P$11)/$P$10)," ") -> 1.9393545 | T72: =IFERROR(AVERAGE(N72:S72),"") -> 1.9396799 | U72: =IFERROR(STDEV(N72:S72),"") -> 0.00050403219 | W72: 15 | X72: =IFERROR(($N$18-N72)/W72,"") -> -0.0061166059 | Y72: =IFERROR(($O$18-O72)/W72,"") -> -0.0076132223 | Z72: =IFERROR(($P$18-P72)/W72,"") -> -0.0061816762 | AA72: =IFERROR(($Q$18-Q72)/W72,"") -> -0.0061166059 | AB72: =IFERROR(($R$18-R72)/W72,"") -> -0.0076132223 | AC72: =IFERROR(($S$18-S72)/W72,"") -> -0.0061816762 | AD72: =IFERROR(AVERAGE(X72:AC72), "") -> -0.0066371681 | AE72: =IFERROR(STDEV(X72:AC72), "") -> 0.00075660811 | AH72: ='Sample ID'!$F$10 -> 1 | AI72: =IFERROR((X72*$AH$36),"") -> -0.0061166059 | AJ72: =IFERROR((Y72*$AH$36),"") -> -0.0076132223 | AK72: =IFERROR((Z72*$AH$36),"") -> -0.0061816762 | AL72: =IFERROR((AA72*$AH$36),"") -> -0.0061166059 | AM72: =IFERROR((AB72*$AH$36),"") -> -0.0076132223 | AN72: =IFERROR((AC72*$AH$36),"") -> -0.0061816762 | AO72: =IFERROR(AD72*AH72,"") -> -0.0066371681 | AP72: =IFERROR(STDEV(AI72:AN72), "") -> 0.00075660811
D73: F | E73: =Data!B56 -> 1.718 | F73: =Data!C56 -> 1.76 | G73: =Data!D56 -> 1.703 | H73: =Data!E56 -> 1.718 | I73: =Data!F56 -> 1.76 | J73: =Data!G56 -> 1.703 | M73: F | N73: =IF(((E73-$P$11)/$P$10)>0,((E73-$P$11)/$P$10)," ") -> 1.4845133 | O73: =IF(((F73-$P$11)/$P$10)>0,((F73-$P$11)/$P$10)," ") -> 1.5255075 | P73: =IF(((G73-$P$11)/$P$10)>0,((G73-$P$11)/$P$10)," ") -> 1.4698725 | Q73: =IF(((H73-$P$11)/$P$10)>0,((H73-$P$11)/$P$10)," ") -> 1.4845133 | R73: =IF(((I73-$P$11)/$P$10)>0,((I73-$P$11)/$P$10)," ") -> 1.5255075 | S73: =IF(((J73-$P$11)/$P$10)>0,((J73-$P$11)/$P$10)," ") -> 1.4698725 | T73: =IFERROR(AVERAGE(N73:S73),"") -> 1.4932978 | U73: =IFERROR(STDEV(N73:S73),"") -> 0.025794435 | W73: 15 | X73: =IFERROR(($N$19-N73)/W73,"") -> 0.011647579 | Y73: =IFERROR(($O$19-O73)/W73,"") -> 0.011322228 | Z73: =IFERROR(($P$19-P73)/W73,"") -> 0.012493493 | AA73: =IFERROR(($Q$19-Q73)/W73,"") -> 0.011647579 | AB73: =IFERROR(($R$19-R73)/W73,"") -> 0.011322228 | AC73: =IFERROR(($S$19-S73)/W73,"") -> 0.012493493 | AD73: =IFERROR(AVERAGE(X73:AC73), "") -> 0.0118211 | AE73: =IFERROR(STDEV(X73:AC73), "") -> 0.00054077536 | AH73: ='Sample ID'!$F$11 -> 0 | AI73: =IFERROR((X73*$AH$37),"") -> 0 | AJ73: =IFERROR((Y73*$AH$37),"") -> 0 | AK73: =IFERROR((Z73*$AH$37),"") -> 0 | AL73: =IFERROR((AA73*$AH$37),"") -> 0 | AM73: =IFERROR((AB73*$AH$37),"") -> 0 | AN73: =IFERROR((AC73*$AH$37),"") -> 0 | AO73: =IFERROR(AD73*AH73,"") -> 0 | AP73: =IFERROR(STDEV(AI73:AN73), "") -> 0
D74: G | E74: =Data!B57 -> 1.82 | F74: =Data!C57 -> 1.822 | G74: =Data!D57 -> 1.836 | H74: =Data!E57 -> 1.82 | I74: =Data!F57 -> 1.822 | J74: =Data!G57 -> 1.836 | M74: G | N74: =IF(((E74-$P$11)/$P$10)>0,((E74-$P$11)/$P$10)," ") -> 1.5840708 | O74: =IF(((F74-$P$11)/$P$10)>0,((F74-$P$11)/$P$10)," ") -> 1.5860229 | P74: =IF(((G74-$P$11)/$P$10)>0,((G74-$P$11)/$P$10)," ") -> 1.5996877 | Q74: =IF(((H74-$P$11)/$P$10)>0,((H74-$P$11)/$P$10)," ") -> 1.5840708 | R74: =IF(((I74-$P$11)/$P$10)>0,((I74-$P$11)/$P$10)," ") -> 1.5860229 | S74: =IF(((J74-$P$11)/$P$10)>0,((J74-$P$11)/$P$10)," ") -> 1.5996877 | T74: =IFERROR(AVERAGE(N74:S74),"") -> 1.5899271 | U74: =IFERROR(STDEV(N74:S74),"") -> 0.0076107192 | W74: 15 | X74: =IFERROR(($N$20-N74)/W74,"") -> 0.005661114 | Y74: =IFERROR(($O$20-O74)/W74,"") -> 0.0052056221 | Z74: =IFERROR(($P$20-P74)/W74,"") -> 0.0050754815 | AA74: =IFERROR(($Q$20-Q74)/W74,"") -> 0.005661114 | AB74: =IFERROR(($R$20-R74)/W74,"") -> 0.0052056221 | AC74: =IFERROR(($S$20-S74)/W74,"") -> 0.0050754815 | AD74: =IFERROR(AVERAGE(X74:AC74), "") -> 0.0053140725 | AE74: =IFERROR(STDEV(X74:AC74), "") -> 0.00027504542 | AH74: ='Sample ID'!$F$12 -> 0 | AI74: =IFERROR((X74*$AH$38),"") -> 0 | AJ74: =IFERROR((Y74*$AH$38),"") -> 0 | AK74: =IFERROR((Z74*$AH$38),"") -> 0 | AL74: =IFERROR((AA74*$AH$38),"") -> 0 | AM74: =IFERROR((AB74*$AH$38),"") -> 0 | AN74: =IFERROR((AC74*$AH$38),"") -> 0 | AO74: =IFERROR(AD74*AH74,"") -> 0 | AP74: =IFERROR(STDEV(AI74:AN74), "") -> 0
D75: H | E75: =Data!B58 -> 0 | F75: =Data!C58 -> 0 | G75: =Data!D58 -> 0 | H75: =Data!E58 -> 0 | I75: =Data!F58 -> 0 | J75: =Data!G58 -> 0 | M75: H | N75: =IF(((E75-$P$11)/$P$10)>0,((E75-$P$11)/$P$10)," ") | O75: =IF(((F75-$P$11)/$P$10)>0,((F75-$P$11)/$P$10)," ") | P75: =IF(((G75-$P$11)/$P$10)>0,((G75-$P$11)/$P$10)," ") | Q75: =IF(((H75-$P$11)/$P$10)>0,((H75-$P$11)/$P$10)," ") | R75: =IF(((I75-$P$11)/$P$10)>0,((I75-$P$11)/$P$10)," ") | S75: =IF(((J75-$P$11)/$P$10)>0,((J75-$P$11)/$P$10)," ") | T75: =IFERROR(AVERAGE(N75:S75),"") | U75: =IFERROR(STDEV(N75:S75),"") | W75: 15 | X75: =IFERROR(($N$21-N75)/W75,"") | Y75: =IFERROR(($O$21-O75)/W75,"") | Z75: =IFERROR(($P$21-P75)/W75,"") | AA75: =IFERROR(($Q$21-Q75)/W75,"") | AB75: =IFERROR(($R$21-R75)/W75,"") | AC75: =IFERROR(($S$21-S75)/W75,"") | AD75: =IFERROR(AVERAGE(X75:AC75), "") | AE75: =IFERROR(STDEV(X75:AC75), "") | AH75: ='Sample ID'!$F$13 -> 0 | AI75: =IFERROR((X75*$AH$39),"") | AJ75: =IFERROR((Y75*$AH$39),"") | AK75: =IFERROR((Z75*$AH$39),"") | AL75: =IFERROR((AA75*$AH$39),"") | AM75: =IFERROR((AB75*$AH$39),"") | AN75: =IFERROR((AC75*$AH$39),"") | AO75: =IFERROR(AD75*AH75,"") | AP75: =IFERROR(STDEV(AI75:AN75), "")
E76: 7 | F76: 8 | G76: 9 | H76: 10 | I76: 11 | J76: 12 | N76: 7 | O76: 8 | P76: 9 | Q76: 10 | R76: 11 | S76: 12 | T76: Average SC (mg/ml) | U76: Std Dev | X76: 7 | Y76: 8 | Z76: 9 | AA76: 10 | AB76: 11 | AC76: 12 | AD76: Average Δ SC (mg/ml/min) | AE76: Std Dev | AP76: Std Dev
D77: A | E77: =Data!H51 -> 0 | F77: =Data!I51 -> 0 | G77: =Data!J51 -> 0 | H77: =Data!K51 -> 0 | I77: =Data!L51 -> 0 | J77: =Data!M51 -> 0 | M77: A | N77: =IF(((E77-$P$11)/$P$10)>0,((E77-$P$11)/$P$10)," ") | O77: =IF(((F77-$P$11)/$P$10)>0,((F77-$P$11)/$P$10)," ") | P77: =IF(((G77-$P$11)/$P$10)>0,((G77-$P$11)/$P$10)," ") | Q77: =IF(((H77-$P$11)/$P$10)>0,((H77-$P$11)/$P$10)," ") | R77: =IF(((I77-$P$11)/$P$10)>0,((I77-$P$11)/$P$10)," ") | S77: =IF(((J77-$P$11)/$P$10)>0,((J77-$P$11)/$P$10)," ") | T77: =IFERROR(AVERAGE(N77:S77),"") | U77: =IFERROR(STDEV(N77:S77),"") | W77: 15 | X77: =IFERROR(($N$23-N77)/W77,"") | Y77: =IFERROR(($O$23-O77)/W77,"") | Z77: =IFERROR(($P$23-P77)/W77,"") | AA77: =IFERROR(($Q$23-Q77)/W77,"") | AB77: =IFERROR(($R$23-R77)/W77,"") | AC77: =IFERROR(($S$23-S77)/W77,"") | AD77: =IFERROR(AVERAGE(X77:AC77), "") | AE77: =IFERROR(STDEV(X77:AC77), "") | AH77: ='Sample ID'!$F$14 -> 0 | AI77: =IFERROR((X77*$AH$41),"") | AJ77: =IFERROR((Y77*$AH$41),"") | AK77: =IFERROR((Z77*$AH$41),"") | AL77: =IFERROR((AA77*$AH$41),"") | AM77: =IFERROR((AB77*$AH$41),"") | AN77: =IFERROR((AC77*$AH$41),"") | AO77: =IFERROR(AD77*AH77,"") | AP77: =IFERROR(STDEV(AI77:AN77), "")
D78: B | E78: =Data!H52 -> 0 | F78: =Data!I52 -> 0 | G78: =Data!J52 -> 0 | H78: =Data!K52 -> 0 | I78: =Data!L52 -> 0 | J78: =Data!M52 -> 0 | M78: B | N78: =IF(((E78-$P$11)/$P$10)>0,((E78-$P$11)/$P$10)," ") | O78: =IF(((F78-$P$11)/$P$10)>0,((F78-$P$11)/$P$10)," ") | P78: =IF(((G78-$P$11)/$P$10)>0,((G78-$P$11)/$P$10)," ") | Q78: =IF(((H78-$P$11)/$P$10)>0,((H78-$P$11)/$P$10)," ") | R78: =IF(((I78-$P$11)/$P$10)>0,((I78-$P$11)/$P$10)," ") | S78: =IF(((J78-$P$11)/$P$10)>0,((J78-$P$11)/$P$10)," ") | T78: =IFERROR(AVERAGE(N78:S78),"") | U78: =IFERROR(STDEV(N78:S78),"") | W78: 15 | X78: =IFERROR(($N$24-N78)/W78,"") | Y78: =IFERROR(($O$24-O78)/W78,"") | Z78: =IFERROR(($P$24-P78)/W78,"") | AA78: =IFERROR(($Q$24-Q78)/W78,"") | AB78: =IFERROR(($R$24-R78)/W78,"") | AC78: =IFERROR(($S$24-S78)/W78,"") | AD78: =IFERROR(AVERAGE(X78:AC78), "") | AE78: =IFERROR(STDEV(X78:AC78), "") | AH78: ='Sample ID'!$F$15 -> 0 | AI78: =IFERROR((X78*$AH$42),"") | AJ78: =IFERROR((Y78*$AH$42),"") | AK78: =IFERROR((Z78*$AH$42),"") | AL78: =IFERROR((AA78*$AH$42),"") | AM78: =IFERROR((AB78*$AH$42),"") | AN78: =IFERROR((AC78*$AH$42),"") | AO78: =IFERROR(AD78*AH78,"") | AP78: =IFERROR(STDEV(AI78:AN78), "")
D79: C | E79: =Data!H53 -> 0 | F79: =Data!I53 -> 0 | G79: =Data!J53 -> 0 | H79: =Data!K53 -> 0 | I79: =Data!L53 -> 0 | J79: =Data!M53 -> 0 | M79: C | N79: =IF(((E79-$P$11)/$P$10)>0,((E79-$P$11)/$P$10)," ") | O79: =IF(((F79-$P$11)/$P$10)>0,((F79-$P$11)/$P$10)," ") | P79: =IF(((G79-$P$11)/$P$10)>0,((G79-$P$11)/$P$10)," ") | Q79: =IF(((H79-$P$11)/$P$10)>0,((H79-$P$11)/$P$10)," ") | R79: =IF(((I79-$P$11)/$P$10)>0,((I79-$P$11)/$P$10)," ") | S79: =IF(((J79-$P$11)/$P$10)>0,((J79-$P$11)/$P$10)," ") | T79: =IFERROR(AVERAGE(N79:S79),"") | U79: =IFERROR(STDEV(N79:S79),"") | W79: 15 | X79: =IFERROR(($N$25-N79)/W79,"") | Y79: =IFERROR(($O$25-O79)/W79,"") | Z79: =IFERROR(($P$25-P79)/W79,"") | AA79: =IFERROR(($Q$25-Q79)/W79,"") | AB79: =IFERROR(($R$25-R79)/W79,"") | AC79: =IFERROR(($S$25-S79)/W79,"") | AD79: =IFERROR(AVERAGE(X79:AC79), "") | AE79: =IFERROR(STDEV(X79:AC79), "") | AH79: ='Sample ID'!$F$16 -> 0 | AI79: =IFERROR((X79*$AH$43),"") | AJ79: =IFERROR((Y79*$AH$43),"") | AK79: =IFERROR((Z79*$AH$43),"") | AL79: =IFERROR((AA79*$AH$43),"") | AM79: =IFERROR((AB79*$AH$43),"") | AN79: =IFERROR((AC79*$AH$43),"") | AO79: =IFERROR(AD79*AH79,"") | AP79: =IFERROR(STDEV(AI79:AN79), "")
D80: D | E80: =Data!H54 -> 0 | F80: =Data!I54 -> 0 | G80: =Data!J54 -> 0 | H80: =Data!K54 -> 0 | I80: =Data!L54 -> 0 | J80: =Data!M54 -> 0 | M80: D | N80: =IF(((E80-$P$11)/$P$10)>0,((E80-$P$11)/$P$10)," ") | O80: =IF(((F80-$P$11)/$P$10)>0,((F80-$P$11)/$P$10)," ") | P80: =IF(((G80-$P$11)/$P$10)>0,((G80-$P$11)/$P$10)," ") | Q80: =IF(((H80-$P$11)/$P$10)>0,((H80-$P$11)/$P$10)," ") | R80: =IF(((I80-$P$11)/$P$10)>0,((I80-$P$11)/$P$10)," ") | S80: =IF(((J80-$P$11)/$P$10)>0,((J80-$P$11)/$P$10)," ") | T80: =IFERROR(AVERAGE(N80:S80),"") | U80: =IFERROR(STDEV(N80:S80),"") | W80: 15 | X80: =IFERROR(($N$26-N80)/W80,"") | Y80: =IFERROR(($O$26-O80)/W80,"") | Z80: =IFERROR(($P$26-P80)/W80,"") | AA80: =IFERROR(($Q$17-Q80)/W80,"") | AB80: =IFERROR(($R$26-R80)/W80,"") | AC80: =IFERROR(($S$26-S80)/W80,"") | AD80: =IFERROR(AVERAGE(X80:AC80), "") | AE80: =IFERROR(STDEV(X80:AC80), "") | AH80: ='Sample ID'!$F$17 -> 0 | AI80: =IFERROR((X80*$AH$44),"") | AJ80: =IFERROR((Y80*$AH$44),"") | AK80: =IFERROR((Z80*$AH$44),"") | AL80: =IFERROR((AA80*$AH$44),"") | AM80: =IFERROR((AB80*$AH$44),"") | AN80: =IFERROR((AC80*$AH$44),"") | AO80: =IFERROR(AD80*AH80,"") | AP80: =IFERROR(STDEV(AI80:AN80), "")
D81: E | E81: =Data!H55 -> 0 | F81: =Data!I55 -> 0 | G81: =Data!J55 -> 0 | H81: =Data!K55 -> 0 | I81: =Data!L55 -> 0 | J81: =Data!M55 -> 0 | M81: E | N81: =IF(((E81-$P$11)/$P$10)>0,((E81-$P$11)/$P$10)," ") | O81: =IF(((F81-$P$11)/$P$10)>0,((F81-$P$11)/$P$10)," ") | P81: =IF(((G81-$P$11)/$P$10)>0,((G81-$P$11)/$P$10)," ") | Q81: =IF(((H81-$P$11)/$P$10)>0,((H81-$P$11)/$P$10)," ") | R81: =IF(((I81-$P$11)/$P$10)>0,((I81-$P$11)/$P$10)," ") | S81: =IF(((J81-$P$11)/$P$10)>0,((J81-$P$11)/$P$10)," ") | T81: =IFERROR(AVERAGE(N81:S81),"") | U81: =IFERROR(STDEV(N81:S81),"") | W81: 15 | X81: =IFERROR(($N$27-N81)/W81,"") | Y81: =IFERROR(($O$27-O81)/W81,"") | Z81: =IFERROR(($P$27-P81)/W81,"") | AA81: =IFERROR(($Q$18-Q81)/W81,"") | AB81: =IFERROR(($R$27-R81)/W81,"") | AC81: =IFERROR(($S$27-S81)/W81,"") | AD81: =IFERROR(AVERAGE(X81:AC81), "") | AE81: =IFERROR(STDEV(X81:AC81), "") | AH81: ='Sample ID'!$F$18 -> 0 | AI81: =IFERROR((X81*$AH$45),"") | AJ81: =IFERROR((Y81*$AH$45),"") | AK81: =IFERROR((Z81*$AH$45),"") | AL81: =IFERROR((AA81*$AH$45),"") | AM81: =IFERROR((AB81*$AH$45),"") | AN81: =IFERROR((AC81*$AH$45),"") | AO81: =IFERROR(AD81*AH81,"") | AP81: =IFERROR(STDEV(AI81:AN81), "")
D82: F | E82: =Data!H56 -> 0 | F82: =Data!I56 -> 0 | G82: =Data!J56 -> 0 | H82: =Data!K56 -> 0 | I82: =Data!L56 -> 0 | J82: =Data!M56 -> 0 | M82: F | N82: =IF(((E82-$P$11)/$P$10)>0,((E82-$P$11)/$P$10)," ") | O82: =IF(((F82-$P$11)/$P$10)>0,((F82-$P$11)/$P$10)," ") | P82: =IF(((G82-$P$11)/$P$10)>0,((G82-$P$11)/$P$10)," ") | Q82: =IF(((H82-$P$11)/$P$10)>0,((H82-$P$11)/$P$10)," ") | R82: =IF(((I82-$P$11)/$P$10)>0,((I82-$P$11)/$P$10)," ") | S82: =IF(((J82-$P$11)/$P$10)>0,((J82-$P$11)/$P$10)," ") | T82: =IFERROR(AVERAGE(N82:S82),"") | U82: =IFERROR(STDEV(N82:S82),"") | W82: 15 | X82: =IFERROR(($N$28-N82)/W82,"") | Y82: =IFERROR(($O$28-O82)/W82,"") | Z82: =IFERROR(($P$28-P82)/W82,"") | AA82: =IFERROR(($Q$19-Q82)/W82,"") | AB82: =IFERROR(($R$28-R82)/W82,"") | AC82: =IFERROR(($S$28-S82)/W82,"") | AD82: =IFERROR(AVERAGE(X82:AC82), "") | AE82: =IFERROR(STDEV(X82:AC82), "") | AH82: ='Sample ID'!$F$19 -> 0 | AI82: =IFERROR((X82*$AH$46),"") | AJ82: =IFERROR((Y82*$AH$46),"") | AK82: =IFERROR((Z82*$AH$46),"") | AL82: =IFERROR((AA82*$AH$46),"") | AM82: =IFERROR((AB82*$AH$46),"") | AN82: =IFERROR((AC82*$AH$46),"") | AO82: =IFERROR(AD82*AH82,"") | AP82: =IFERROR(STDEV(AI82:AN82), "")
D83: G | E83: =Data!H57 -> 0 | F83: =Data!I57 -> 0 | G83: =Data!J57 -> 0 | H83: =Data!K57 -> 0 | I83: =Data!L57 -> 0 | J83: =Data!M57 -> 0 | M83: G | N83: =IF(((E83-$P$11)/$P$10)>0,((E83-$P$11)/$P$10)," ") | O83: =IF(((F83-$P$11)/$P$10)>0,((F83-$P$11)/$P$10)," ") | P83: =IF(((G83-$P$11)/$P$10)>0,((G83-$P$11)/$P$10)," ") | Q83: =IF(((H83-$P$11)/$P$10)>0,((H83-$P$11)/$P$10)," ") | R83: =IF(((I83-$P$11)/$P$10)>0,((I83-$P$11)/$P$10)," ") | S83: =IF(((J83-$P$11)/$P$10)>0,((J83-$P$11)/$P$10)," ") | T83: =IFERROR(AVERAGE(N83:S83),"") | U83: =IFERROR(STDEV(N83:S83),"") | W83: 15 | X83: =IFERROR(($N$29-N83)/W83,"") | Y83: =IFERROR(($O$29-O83)/W83,"") | Z83: =IFERROR(($P$29-P83)/W83,"") | AA83: =IFERROR(($Q$20-Q83)/W83,"") | AB83: =IFERROR(($R$29-R83)/W83,"") | AC83: =IFERROR(($S$29-S83)/W83,"") | AD83: =IFERROR(AVERAGE(X83:AC83), "") | AE83: =IFERROR(STDEV(X83:AC83), "") | AH83: ='Sample ID'!$F$20 -> 0 | AI83: =IFERROR((X83*$AH$47),"") | AJ83: =IFERROR((Y83*$AH$47),"") | AK83: =IFERROR((Z83*$AH$47),"") | AL83: =IFERROR((AA83*$AH$47),"") | AM83: =IFERROR((AB83*$AH$47),"") | AN83: =IFERROR((AC83*$AH$47),"") | AO83: =IFERROR(AD83*AH83,"") | AP83: =IFERROR(STDEV(AI83:AN83), "")
D84: H | E84: =Data!H58 -> 0 | F84: =Data!I58 -> 0 | G84: =Data!J58 -> 0 | H84: =Data!K58 -> 0 | I84: =Data!L58 -> 0 | J84: =Data!M58 -> 0 | M84: H | N84: =IF(((E84-$P$11)/$P$10)>0,((E84-$P$11)/$P$10)," ") | O84: =IF(((F84-$P$11)/$P$10)>0,((F84-$P$11)/$P$10)," ") | P84: =IF(((G84-$P$11)/$P$10)>0,((G84-$P$11)/$P$10)," ") | Q84: =IF(((H84-$P$11)/$P$10)>0,((H84-$P$11)/$P$10)," ") | R84: =IF(((I84-$P$11)/$P$10)>0,((I84-$P$11)/$P$10)," ") | S84: =IF(((J84-$P$11)/$P$10)>0,((J84-$P$11)/$P$10)," ") | T84: =IFERROR(AVERAGE(N84:S84),"") | U84: =IFERROR(STDEV(N84:S84),"") | W84: 15 | X84: =IFERROR(($N$30-N84)/W84,"") | Y84: =IFERROR(($O$30-O84)/W84,"") | Z84: =IFERROR(($P$30-P84)/W84,"") | AA84: =IFERROR(($Q$21-Q84)/W84,"") | AB84: =IFERROR(($R$30-R84)/W84,"") | AC84: =IFERROR(($S$30-S84)/W84,"") | AD84: =IFERROR(AVERAGE(X84:AC84), "") | AE84: =IFERROR(STDEV(X84:AC84), "") | AH84: ='Sample ID'!$F$21 -> 0 | AI84: =IFERROR((X84*$AH$48),"") | AJ84: =IFERROR((Y84*$AH$48),"") | AK84: =IFERROR((Z84*$AH$48),"") | AL84: =IFERROR((AA84*$AH$48),"") | AM84: =IFERROR((AB84*$AH$48),"") | AN84: =IFERROR((AC84*$AH$48),"") | AO84: =IFERROR(AD84*AH84,"") | AP84: =IFERROR(STDEV(AI84:AN84), "")
C85: 20 | E85: 1 | F85: 2 | G85: 3 | H85: 4 | I85: 5 | J85: 6 | L85: 20 | N85: 1 | O85: 2 | P85: 3 | Q85: 4 | R85: 5 | S85: 6 | T85: Average SC (mg/ml) | U85: Std Dev | W85: Time (min) | X85: 1 | Y85: 2 | Z85: 3 | AA85: 4 | AB85: 5 | AC85: 6 | AD85: Average Δ SC (mg/ml/min) | AE85: Std Dev | AG85: 20 | AH85: Dilution factor | AO85: Activity (mg/ml/min) | AP85: Std Dev
D86: A | E86: =Data!B63 -> 1.948 | F86: =Data!C63 -> 1.936 | G86: =Data!D63 -> 1.961 | H86: =Data!E63 -> 1.948 | I86: =Data!F63 -> 1.936 | J86: =Data!G63 -> 1.961 | M86: A | N86: =IF(((E86-$P$11)/$P$10)>0,((E86-$P$11)/$P$10)," ") -> 1.7090057 | O86: =IF(((F86-$P$11)/$P$10)>0,((F86-$P$11)/$P$10)," ") -> 1.6972931 | P86: =IF(((G86-$P$11)/$P$10)>0,((G86-$P$11)/$P$10)," ") -> 1.7216944 | Q86: =IF(((H86-$P$11)/$P$10)>0,((H86-$P$11)/$P$10)," ") -> 1.7090057 | R86: =IF(((I86-$P$11)/$P$10)>0,((I86-$P$11)/$P$10)," ") -> 1.6972931 | S86: =IF(((J86-$P$11)/$P$10)>0,((J86-$P$11)/$P$10)," ") -> 1.7216944 | T86: =IFERROR(AVERAGE(N86:S86),"") -> 1.7093311 | U86: =IFERROR(STDEV(N86:S86),"") -> 0.010915527 | W86: 20 | X86: =IFERROR(($N$14-N86)/W86,"") -> 0.0011224623 | Y86: =IFERROR(($O$14-O86)/W86,"") -> 0.001659292 | Z86: =IFERROR(($P$14-P86)/W86,"") -> 0.0018545029 | AA86: =IFERROR(($Q$14-Q86)/W86,"") -> 0.0011224623 | AB86: =IFERROR(($R$14-R86)/W86,"") -> 0.001659292 | AC86: =IFERROR(($S$14-S86)/W86,"") -> 0.0018545029 | AD86: =IFERROR(AVERAGE(X86:AC86), "") -> 0.0015454191 | AE86: =IFERROR(STDEV(X86:AC86), "") -> 0.00033905298 | AH86: ='Sample ID'!$F$6 -> 1 | AI86: =IFERROR((X86*$AH$32),"") -> 0.0011224623 | AJ86: =IFERROR((Y86*$AH$32),"") -> 0.001659292 | AK86: =IFERROR((Z86*$AH$32),"") -> 0.0018545029 | AL86: =IFERROR((AA86*$AH$32),"") -> 0.0011224623 | AM86: =IFERROR((AB86*$AH$32),"") -> 0.001659292 | AN86: =IFERROR((AC86*$AH$32),"") -> 0.0018545029 | AO86: =IFERROR(AVERAGE(AI86:AN86),"") -> 0.0015454191 | AP86: =IFERROR(STDEV(AI86:AN86), "") -> 0.00033905298
D87: B | E87: =Data!B64 -> 1.988 | F87: =Data!C64 -> 1.995 | G87: =Data!D64 -> 2 | H87: =Data!E64 -> 1.988 | I87: =Data!F64 -> 1.995 | J87: =Data!G64 -> 2 | M87: B | N87: =IF(((E87-$P$11)/$P$10)>0,((E87-$P$11)/$P$10)," ") -> 1.7480479 | O87: =IF(((F87-$P$11)/$P$10)>0,((F87-$P$11)/$P$10)," ") -> 1.7548803 | P87: =IF(((G87-$P$11)/$P$10)>0,((G87-$P$11)/$P$10)," ") -> 1.7597605 | Q87: =IF(((H87-$P$11)/$P$10)>0,((H87-$P$11)/$P$10)," ") -> 1.7480479 | R87: =IF(((I87-$P$11)/$P$10)>0,((I87-$P$11)/$P$10)," ") -> 1.7548803 | S87: =IF(((J87-$P$11)/$P$10)>0,((J87-$P$11)/$P$10)," ") -> 1.7597605 | T87: =IFERROR(AVERAGE(N87:S87),"") -> 1.7542296 | U87: =IFERROR(STDEV(N87:S87),"") -> 0.0052622506 | W87: 20 | X87: =IFERROR(($N$15-N87)/W87,"") -> -0.0012200677 | Y87: =IFERROR(($O$15-O87)/W87,"") -> -0.0017080947 | Z87: =IFERROR(($P$15-P87)/W87,"") -> -0.0013664758 | AA87: =IFERROR(($Q$15-Q87)/W87,"") -> -0.0012200677 | AB87: =IFERROR(($R$15-R87)/W87,"") -> -0.0017080947 | AC87: =IFERROR(($S$15-S87)/W87,"") -> -0.0013664758 | AD87: =IFERROR(AVERAGE(X87:AC87), "") -> -0.0014315461 | AE87: =IFERROR(STDEV(X87:AC87), "") -> 0.0002239968 | AH87: ='Sample ID'!$F$7 -> 1 | AI87: =IFERROR((X87*$AH$33),"") -> -0.0012200677 | AJ87: =IFERROR((Y87*$AH$33),"") -> -0.0017080947 | AK87: =IFERROR((Z87*$AH$33),"") -> -0.0013664758 | AL87: =IFERROR((AA87*$AH$33),"") -> -0.0012200677 | AM87: =IFERROR((AB87*$AH$33),"") -> -0.0017080947 | AN87: =IFERROR((AC87*$AH$33),"") -> -0.0013664758 | AO87: =IFERROR(AVERAGE(AI87:AN87),"") -> -0.0014315461 | AP87: =IFERROR(STDEV(AI87:AN87), "") -> 0.0002239968
D88: C | E88: =Data!B65 -> 2.004 | F88: =Data!C65 -> 2.012 | G88: =Data!D65 -> 2.035 | H88: =Data!E65 -> 2.004 | I88: =Data!F65 -> 2.012 | J88: =Data!G65 -> 2.035 | M88: C | N88: =IF(((E88-$P$11)/$P$10)>0,((E88-$P$11)/$P$10)," ") -> 1.7636648 | O88: =IF(((F88-$P$11)/$P$10)>0,((F88-$P$11)/$P$10)," ") -> 1.7714732 | P88: =IF(((G88-$P$11)/$P$10)>0,((G88-$P$11)/$P$10)," ") -> 1.7939224 | Q88: =IF(((H88-$P$11)/$P$10)>0,((H88-$P$11)/$P$10)," ") -> 1.7636648 | R88: =IF(((I88-$P$11)/$P$10)>0,((I88-$P$11)/$P$10)," ") -> 1.7714732 | S88: =IF(((J88-$P$11)/$P$10)>0,((J88-$P$11)/$P$10)," ") -> 1.7939224 | T88: =IFERROR(AVERAGE(N88:S88),"") -> 1.7763535 | U88: =IFERROR(STDEV(N88:S88),"") -> 0.014049756 | W88: 20 | X88: =IFERROR(($N$16-N88)/W88,"") -> -0.0012200677 | Y88: =IFERROR(($O$16-O88)/W88,"") -> -0.00058563248 | Z88: =IFERROR(($P$16-P88)/W88,"") -> -0.00039042166 | AA88: =IFERROR(($Q$16-Q88)/W88,"") -> -0.0012200677 | AB88: =IFERROR(($R$16-R88)/W88,"") -> -0.00058563248 | AC88: =IFERROR(($S$16-S88)/W88,"") -> -0.00039042166 | AD88: =IFERROR(AVERAGE(X88:AC88), "") -> -0.0007320406 | AE88: =IFERROR(STDEV(X88:AC88), "") -> 0.00038797385 | AH88: ='Sample ID'!$F$8 -> 1 | AI88: =IFERROR((X88*$AH$34),"") -> -0.0012200677 | AJ88: =IFERROR((Y88*$AH$34),"") -> -0.00058563248 | AK88: =IFERROR((Z88*$AH$34),"") -> -0.00039042166 | AL88: =IFERROR((AA88*$AH$34),"") -> -0.0012200677 | AM88: =IFERROR((AB88*$AH$34),"") -> -0.00058563248 | AN88: =IFERROR((AC88*$AH$34),"") -> -0.00039042166 | AO88: =IFERROR(AVERAGE(AI88:AN88),"") -> -0.0007320406 | AP88: =IFERROR(STDEV(AI88:AN88), "") -> 0.00038797385
D89: D | E89: =Data!B66 -> 2.24 | F89: =Data!C66 -> 2.246 | G89: =Data!D66 -> 2.243 | H89: =Data!E66 -> 2.24 | I89: =Data!F66 -> 2.246 | J89: =Data!G66 -> 2.243 | M89: D | N89: =IF(((E89-$P$11)/$P$10)>0,((E89-$P$11)/$P$10)," ") -> 1.9940135 | O89: =IF(((F89-$P$11)/$P$10)>0,((F89-$P$11)/$P$10)," ") -> 1.9998699 | P89: =IF(((G89-$P$11)/$P$10)>0,((G89-$P$11)/$P$10)," ") -> 1.9969417 | Q89: =IF(((H89-$P$11)/$P$10)>0,((H89-$P$11)/$P$10)," ") -> 1.9940135 | R89: =IF(((I89-$P$11)/$P$10)>0,((I89-$P$11)/$P$10)," ") -> 1.9998699 | S89: =IF(((J89-$P$11)/$P$10)>0,((J89-$P$11)/$P$10)," ") -> 1.9969417 | T89: =IFERROR(AVERAGE(N89:S89),"") -> 1.9969417 | U89: =IFERROR(STDEV(N89:S89),"") -> 0.0026190281 | W89: 20 | X89: =IFERROR(($N$17-N89)/W89,"") -> -0.0092725143 | Y89: =IFERROR(($O$17-O89)/W89,"") -> -0.0097117387 | Z89: =IFERROR(($P$17-P89)/W89,"") -> -0.0091749089 | AA89: =IFERROR(($Q$17-Q89)/W89,"") -> -0.0092725143 | AB89: =IFERROR(($R$17-R89)/W89,"") -> -0.0097117387 | AC89: =IFERROR(($S$17-S89)/W89,"") -> -0.0091749089 | AD89: =IFERROR(AVERAGE(X89:AC89), "") -> -0.0093863873 | AE89: =IFERROR(STDEV(X89:AC89), "") -> 0.0002557684 | AH89: ='Sample ID'!$F$9 -> 1 | AI89: =IFERROR((X89*$AH$35),"") -> -0.0092725143 | AJ89: =IFERROR((Y89*$AH$35),"") -> -0.0097117387 | AK89: =IFERROR((Z89*$AH$35),"") -> -0.0091749089 | AL89: =IFERROR((AA89*$AH$35),"") -> -0.0092725143 | AM89: =IFERROR((AB89*$AH$35),"") -> -0.0097117387 | AN89: =IFERROR((AC89*$AH$35),"") -> -0.0091749089 | AO89: =IFERROR(AVERAGE(AI89:AN89),"") -> -0.0093863873 | AP89: =IFERROR(STDEV(AI89:AN89), "") -> 0.0002557684
D90: E | E90: =Data!B67 -> 2.171 | F90: =Data!C67 -> 2.18 | G90: =Data!D67 -> 2.185 | H90: =Data!E67 -> 2.171 | I90: =Data!F67 -> 2.18 | J90: =Data!G67 -> 2.185 | M90: E | N90: =IF(((E90-$P$11)/$P$10)>0,((E90-$P$11)/$P$10)," ") -> 1.9266658 | O90: =IF(((F90-$P$11)/$P$10)>0,((F90-$P$11)/$P$10)," ") -> 1.9354503 | P90: =IF(((G90-$P$11)/$P$10)>0,((G90-$P$11)/$P$10)," ") -> 1.9403306 | Q90: =IF(((H90-$P$11)/$P$10)>0,((H90-$P$11)/$P$10)," ") -> 1.9266658 | R90: =IF(((I90-$P$11)/$P$10)>0,((I90-$P$11)/$P$10)," ") -> 1.9354503 | S90: =IF(((J90-$P$11)/$P$10)>0,((J90-$P$11)/$P$10)," ") -> 1.9403306 | T90: =IFERROR(AVERAGE(N90:S90),"") -> 1.9341489 | U90: =IFERROR(STDEV(N90:S90),"") -> 0.0061936512 | W90: 20 | X90: =IFERROR(($N$18-N90)/W90,"") -> -0.0039042166 | Y90: =IFERROR(($O$18-O90)/W90,"") -> -0.0055147059 | Z90: =IFERROR(($P$18-P90)/W90,"") -> -0.0046850599 | AA90: =IFERROR(($Q$18-Q90)/W90,"") -> -0.0039042166 | AB90: =IFERROR(($R$18-R90)/W90,"") -> -0.0055147059 | AC90: =IFERROR(($S$18-S90)/W90,"") -> -0.0046850599 | AD90: =IFERROR(AVERAGE(X90:AC90), "") -> -0.0047013274 | AE90: =IFERROR(STDEV(X90:AC90), "") -> 0.00072034294 | AH90: ='Sample ID'!$F$10 -> 1 | AI90: =IFERROR((X90*$AH$36),"") -> -0.0039042166 | AJ90: =IFERROR((Y90*$AH$36),"") -> -0.0055147059 | AK90: =IFERROR((Z90*$AH$36),"") -> -0.0046850599 | AL90: =IFERROR((AA90*$AH$36),"") -> -0.0039042166 | AM90: =IFERROR((AB90*$AH$36),"") -> -0.0055147059 | AN90: =IFERROR((AC90*$AH$36),"") -> -0.0046850599 | AO90: =IFERROR(AVERAGE(AI90:AN90),"") -> -0.0047013274 | AP90: =IFERROR(STDEV(AI90:AN90), "") -> 0.00072034294
D91: F | E91: =Data!B68 -> 1.656 | F91: =Data!C68 -> 1.689 | G91: =Data!D68 -> 1.631 | H91: =Data!E68 -> 1.656 | I91: =Data!F68 -> 1.689 | J91: =Data!G68 -> 1.631 | M91: F | N91: =IF(((E91-$P$11)/$P$10)>0,((E91-$P$11)/$P$10)," ") -> 1.4239979 | O91: =IF(((F91-$P$11)/$P$10)>0,((F91-$P$11)/$P$10)," ") -> 1.4562077 | P91: =IF(((G91-$P$11)/$P$10)>0,((G91-$P$11)/$P$10)," ") -> 1.3995966 | Q91: =IF(((H91-$P$11)/$P$10)>0,((H91-$P$11)/$P$10)," ") -> 1.4239979 | R91: =IF(((I91-$P$11)/$P$10)>0,((I91-$P$11)/$P$10)," ") -> 1.4562077 | S91: =IF(((J91-$P$11)/$P$10)>0,((J91-$P$11)/$P$10)," ") -> 1.3995966 | T91: =IFERROR(AVERAGE(N91:S91),"") -> 1.4266007 | U91: =IFERROR(STDEV(N91:S91),"") -> 0.025397421 | W91: 20 | X91: =IFERROR(($N$19-N91)/W91,"") -> 0.011761452 | Y91: =IFERROR(($O$19-O91)/W91,"") -> 0.011956663 | Z91: =IFERROR(($P$19-P91)/W91,"") -> 0.012883915 | AA91: =IFERROR(($Q$19-Q91)/W91,"") -> 0.011761452 | AB91: =IFERROR(($R$19-R91)/W91,"") -> 0.011956663 | AC91: =IFERROR(($S$19-S91)/W91,"") -> 0.012883915 | AD91: =IFERROR(AVERAGE(X91:AC91), "") -> 0.012200677 | AE91: =IFERROR(STDEV(X91:AC91), "") -> 0.00053638593 | AH91: ='Sample ID'!$F$11 -> 0 | AI91: =IFERROR((X91*$AH$37),"") -> 0 | AJ91: =IFERROR((Y91*$AH$37),"") -> 0 | AK91: =IFERROR((Z91*$AH$37),"") -> 0 | AL91: =IFERROR((AA91*$AH$37),"") -> 0 | AM91: =IFERROR((AB91*$AH$37),"") -> 0 | AN91: =IFERROR((AC91*$AH$37),"") -> 0 | AO91: =IFERROR(AVERAGE(AI91:AN91),"") -> 0 | AP91: =IFERROR(STDEV(AI91:AN91), "") -> 0
D92: G | E92: =Data!B69 -> 1.778 | F92: =Data!C69 -> 1.792 | G92: =Data!D69 -> 1.796 | H92: =Data!E69 -> 1.778 | I92: =Data!F69 -> 1.792 | J92: =Data!G69 -> 1.796 | M92: G | N92: =IF(((E92-$P$11)/$P$10)>0,((E92-$P$11)/$P$10)," ") -> 1.5430765 | O92: =IF(((F92-$P$11)/$P$10)>0,((F92-$P$11)/$P$10)," ") -> 1.5567413 | P92: =IF(((G92-$P$11)/$P$10)>0,((G92-$P$11)/$P$10)," ") -> 1.5606455 | Q92: =IF(((H92-$P$11)/$P$10)>0,((H92-$P$11)/$P$10)," ") -> 1.5430765 | R92: =IF(((I92-$P$11)/$P$10)>0,((I92-$P$11)/$P$10)," ") -> 1.5567413 | S92: =IF(((J92-$P$11)/$P$10)>0,((J92-$P$11)/$P$10)," ") -> 1.5606455 | T92: =IFERROR(AVERAGE(N92:S92),"") -> 1.5534878 | U92: =IFERROR(STDEV(N92:S92),"") -> 0.0082513626 | W92: 20 | X92: =IFERROR(($N$20-N92)/W92,"") -> 0.0062955492 | Y92: =IFERROR(($O$20-O92)/W92,"") -> 0.0053682978 | Z92: =IFERROR(($P$20-P92)/W92,"") -> 0.0057587194 | AA92: =IFERROR(($Q$20-Q92)/W92,"") -> 0.0062955492 | AB92: =IFERROR(($R$20-R92)/W92,"") -> 0.0053682978 | AC92: =IFERROR(($S$20-S92)/W92,"") -> 0.0057587194 | AD92: =IFERROR(AVERAGE(X92:AC92), "") -> 0.0058075221 | AE92: =IFERROR(STDEV(X92:AC92), "") -> 0.00041639893 | AH92: ='Sample ID'!$F$12 -> 0 | AI92: =IFERROR((X92*$AH$38),"") -> 0 | AJ92: =IFERROR((Y92*$AH$38),"") -> 0 | AK92: =IFERROR((Z92*$AH$38),"") -> 0 | AL92: =IFERROR((AA92*$AH$38),"") -> 0 | AM92: =IFERROR((AB92*$AH$38),"") -> 0 | AN92: =IFERROR((AC92*$AH$38),"") -> 0 | AO92: =IFERROR(AVERAGE(AI92:AN92),"") -> 0 | AP92: =IFERROR(STDEV(AI92:AN92), "") -> 0
D93: H | E93: =Data!B70 -> 0 | F93: =Data!C70 -> 0 | G93: =Data!D70 -> 0 | H93: =Data!E70 -> 0 | I93: =Data!F70 -> 0 | J93: =Data!G70 -> 0 | M93: H | N93: =IF(((E93-$P$11)/$P$10)>0,((E93-$P$11)/$P$10)," ") | O93: =IF(((F93-$P$11)/$P$10)>0,((F93-$P$11)/$P$10)," ") | P93: =IF(((G93-$P$11)/$P$10)>0,((G93-$P$11)/$P$10)," ") | Q93: =IF(((H93-$P$11)/$P$10)>0,((H93-$P$11)/$P$10)," ") | R93: =IF(((I93-$P$11)/$P$10)>0,((I93-$P$11)/$P$10)," ") | S93: =IF(((J93-$P$11)/$P$10)>0,((J93-$P$11)/$P$10)," ") | T93: =IFERROR(AVERAGE(N93:S93),"") | U93: =IFERROR(STDEV(N93:S93),"") | W93: 20 | X93: =IFERROR(($N$21-N93)/W93,"") | Y93: =IFERROR(($O$21-O93)/W93,"") | Z93: =IFERROR(($P$21-P93)/W93,"") | AA93: =IFERROR(($Q$21-Q93)/W93,"") | AB93: =IFERROR(($R$21-R93)/W93,"") | AC93: =IFERROR(($S$21-S93)/W93,"") | AD93: =IFERROR(AVERAGE(X93:AC93), "") | AE93: =IFERROR(STDEV(X93:AC93), "") | AH93: ='Sample ID'!$F$13 -> 0 | AI93: =IFERROR((X93*$AH$39),"") | AJ93: =IFERROR((Y93*$AH$39),"") | AK93: =IFERROR((Z93*$AH$39),"") | AL93: =IFERROR((AA93*$AH$39),"") | AM93: =IFERROR((AB93*$AH$39),"") | AN93: =IFERROR((AC93*$AH$39),"") | AO93: =IFERROR(AVERAGE(AI93:AN93),"") | AP93: =IFERROR(STDEV(AI93:AN93), "")
E94: 7 | F94: 8 | G94: 9 | H94: 10 | I94: 11 | J94: 12 | N94: 7 | O94: 8 | P94: 9 | Q94: 10 | R94: 11 | S94: 12 | T94: Average SC (mg/ml) | U94: Std Dev | X94: 7 | Y94: 8 | Z94: 9 | AA94: 10 | AB94: 11 | AC94: 12 | AD94: Average Δ SC (mg/ml/min) | AE94: Std Dev | AP94: Std Dev
D95: A | E95: =Data!H63 -> 0 | F95: =Data!I63 -> 0 | G95: =Data!J63 -> 0 | H95: =Data!K63 -> 0 | I95: =Data!L63 -> 0 | J95: =Data!M63 -> 0 | M95: A | N95: =IF(((E95-$P$11)/$P$10)>0,((E95-$P$11)/$P$10)," ") | O95: =IF(((F95-$P$11)/$P$10)>0,((F95-$P$11)/$P$10)," ") | P95: =IF(((G95-$P$11)/$P$10)>0,((G95-$P$11)/$P$10)," ") | Q95: =IF(((H95-$P$11)/$P$10)>0,((H95-$P$11)/$P$10)," ") | R95: =IF(((I95-$P$11)/$P$10)>0,((I95-$P$11)/$P$10)," ") | S95: =IF(((J95-$P$11)/$P$10)>0,((J95-$P$11)/$P$10)," ") | T95: =IFERROR(AVERAGE(N95:S95),"") | U95: =IFERROR(STDEV(N95:S95),"") | W95: 20 | X95: =IFERROR(($N$23-N95)/W95,"") | Y95: =IFERROR(($O$23-O95)/W95,"") | Z95: =IFERROR(($P$23-P95)/W95,"") | AA95: =IFERROR(($Q$23-Q95)/W95,"") | AB95: =IFERROR(($R$23-R95)/W95,"") | AC95: =IFERROR(($S$23-S95)/W95,"") | AD95: =IFERROR(AVERAGE(X95:AC95), "") | AE95: =IFERROR(STDEV(X95:AC95), "") | AH95: ='Sample ID'!$F$14 -> 0 | AI95: =IFERROR((X95*$AH$41),"") | AJ95: =IFERROR((Y95*$AH$41),"") | AK95: =IFERROR((Z95*$AH$41),"") | AL95: =IFERROR((AA95*$AH$41),"") | AM95: =IFERROR((AB95*$AH$41),"") | AN95: =IFERROR((AC95*$AH$41),"") | AO95: =IFERROR(AVERAGE(AI95:AN95),"") | AP95: =IFERROR(STDEV(AI95:AN95), "")
D96: B | E96: =Data!H64 -> 0 | F96: =Data!I64 -> 0 | G96: =Data!J64 -> 0 | H96: =Data!K64 -> 0 | I96: =Data!L64 -> 0 | J96: =Data!M64 -> 0 | M96: B | N96: =IF(((E96-$P$11)/$P$10)>0,((E96-$P$11)/$P$10)," ") | O96: =IF(((F96-$P$11)/$P$10)>0,((F96-$P$11)/$P$10)," ") | P96: =IF(((G96-$P$11)/$P$10)>0,((G96-$P$11)/$P$10)," ") | Q96: =IF(((H96-$P$11)/$P$10)>0,((H96-$P$11)/$P$10)," ") | R96: =IF(((I96-$P$11)/$P$10)>0,((I96-$P$11)/$P$10)," ") | S96: =IF(((J96-$P$11)/$P$10)>0,((J96-$P$11)/$P$10)," ") | T96: =IFERROR(AVERAGE(N96:S96),"") | U96: =IFERROR(STDEV(N96:S96),"") | W96: 20 | X96: =IFERROR(($N$24-N96)/W96,"") | Y96: =IFERROR(($O$24-O96)/W96,"") | Z96: =IFERROR(($P$24-P96)/W96,"") | AA96: =IFERROR(($Q$24-Q96)/W96,"") | AB96: =IFERROR(($R$24-R96)/W96,"") | AC96: =IFERROR(($S$24-S96)/W96,"") | AD96: =IFERROR(AVERAGE(X96:AC96), "") | AE96: =IFERROR(STDEV(X96:AC96), "") | AH96: ='Sample ID'!$F$15 -> 0 | AI96: =IFERROR((X96*$AH$42),"") | AJ96: =IFERROR((Y96*$AH$42),"") | AK96: =IFERROR((Z96*$AH$42),"") | AL96: =IFERROR((AA96*$AH$42),"") | AM96: =IFERROR((AB96*$AH$42),"") | AN96: =IFERROR((AC96*$AH$42),"") | AO96: =IFERROR(AVERAGE(AI96:AN96),"") | AP96: =IFERROR(STDEV(AI96:AN96), "")
D97: C | E97: =Data!H65 -> 0 | F97: =Data!I65 -> 0 | G97: =Data!J65 -> 0 | H97: =Data!K65 -> 0 | I97: =Data!L65 -> 0 | J97: =Data!M65 -> 0 | M97: C | N97: =IF(((E97-$P$11)/$P$10)>0,((E97-$P$11)/$P$10)," ") | O97: =IF(((F97-$P$11)/$P$10)>0,((F97-$P$11)/$P$10)," ") | P97: =IF(((G97-$P$11)/$P$10)>0,((G97-$P$11)/$P$10)," ") | Q97: =IF(((H97-$P$11)/$P$10)>0,((H97-$P$11)/$P$10)," ") | R97: =IF(((I97-$P$11)/$P$10)>0,((I97-$P$11)/$P$10)," ") | S97: =IF(((J97-$P$11)/$P$10)>0,((J97-$P$11)/$P$10)," ") | T97: =IFERROR(AVERAGE(N97:S97),"") | U97: =IFERROR(STDEV(N97:S97),"") | W97: 20 | X97: =IFERROR(($N$25-N97)/W97,"") | Y97: =IFERROR(($O$25-O97)/W97,"") | Z97: =IFERROR(($P$25-P97)/W97,"") | AA97: =IFERROR(($Q$25-Q97)/W97,"") | AB97: =IFERROR(($R$25-R97)/W97,"") | AC97: =IFERROR(($S$25-S97)/W97,"") | AD97: =IFERROR(AVERAGE(X97:AC97), "") | AE97: =IFERROR(STDEV(X97:AC97), "") | AH97: ='Sample ID'!$F$16 -> 0 | AI97: =IFERROR((X97*$AH$43),"") | AJ97: =IFERROR((Y97*$AH$43),"") | AK97: =IFERROR((Z97*$AH$43),"") | AL97: =IFERROR((AA97*$AH$43),"") | AM97: =IFERROR((AB97*$AH$43),"") | AN97: =IFERROR((AC97*$AH$43),"") | AO97: =IFERROR(AVERAGE(AI97:AN97),"") | AP97: =IFERROR(STDEV(AI97:AN97), "")
D98: D | E98: =Data!H66 -> 0 | F98: =Data!I66 -> 0 | G98: =Data!J66 -> 0 | H98: =Data!K66 -> 0 | I98: =Data!L66 -> 0 | J98: =Data!M66 -> 0 | M98: D | N98: =IF(((E98-$P$11)/$P$10)>0,((E98-$P$11)/$P$10)," ") | O98: =IF(((F98-$P$11)/$P$10)>0,((F98-$P$11)/$P$10)," ") | P98: =IF(((G98-$P$11)/$P$10)>0,((G98-$P$11)/$P$10)," ") | Q98: =IF(((H98-$P$11)/$P$10)>0,((H98-$P$11)/$P$10)," ") | R98: =IF(((I98-$P$11)/$P$10)>0,((I98-$P$11)/$P$10)," ") | S98: =IF(((J98-$P$11)/$P$10)>0,((J98-$P$11)/$P$10)," ") | T98: =IFERROR(AVERAGE(N98:S98),"") | U98: =IFERROR(STDEV(N98:S98),"") | W98: 20 | X98: =IFERROR(($N$26-N98)/W98,"") | Y98: =IFERROR(($O$26-O98)/W98,"") | Z98: =IFERROR(($P$26-P98)/W98,"") | AA98: =IFERROR(($Q$17-Q98)/W98,"") | AB98: =IFERROR(($R$26-R98)/W98,"") | AC98: =IFERROR(($S$26-S98)/W98,"") | AD98: =IFERROR(AVERAGE(X98:AC98), "") | AE98: =IFERROR(STDEV(X98:AC98), "") | AH98: ='Sample ID'!$F$17 -> 0 | AI98: =IFERROR((X98*$AH$44),"") | AJ98: =IFERROR((Y98*$AH$44),"") | AK98: =IFERROR((Z98*$AH$44),"") | AL98: =IFERROR((AA98*$AH$44),"") | AM98: =IFERROR((AB98*$AH$44),"") | AN98: =IFERROR((AC98*$AH$44),"") | AO98: =IFERROR(AVERAGE(AI98:AN98),"") | AP98: =IFERROR(STDEV(AI98:AN98), "")
D99: E | E99: =Data!H67 -> 0 | F99: =Data!I67 -> 0 | G99: =Data!J67 -> 0 | H99: =Data!K67 -> 0 | I99: =Data!L67 -> 0 | J99: =Data!M67 -> 0 | M99: E | N99: =IF(((E99-$P$11)/$P$10)>0,((E99-$P$11)/$P$10)," ") | O99: =IF(((F99-$P$11)/$P$10)>0,((F99-$P$11)/$P$10)," ") | P99: =IF(((G99-$P$11)/$P$10)>0,((G99-$P$11)/$P$10)," ") | Q99: =IF(((H99-$P$11)/$P$10)>0,((H99-$P$11)/$P$10)," ") | R99: =IF(((I99-$P$11)/$P$10)>0,((I99-$P$11)/$P$10)," ") | S99: =IF(((J99-$P$11)/$P$10)>0,((J99-$P$11)/$P$10)," ") | T99: =IFERROR(AVERAGE(N99:S99),"") | U99: =IFERROR(STDEV(N99:S99),"") | W99: 20 | X99: =IFERROR(($N$27-N99)/W99,"") | Y99: =IFERROR(($O$27-O99)/W99,"") | Z99: =IFERROR(($P$27-P99)/W99,"") | AA99: =IFERROR(($Q$18-Q99)/W99,"") | AB99: =IFERROR(($R$27-R99)/W99,"") | AC99: =IFERROR(($S$27-S99)/W99,"") | AD99: =IFERROR(AVERAGE(X99:AC99), "") | AE99: =IFERROR(STDEV(X99:AC99), "") | AH99: ='Sample ID'!$F$18 -> 0 | AI99: =IFERROR((X99*$AH$45),"") | AJ99: =IFERROR((Y99*$AH$45),"") | AK99: =IFERROR((Z99*$AH$45),"") | AL99: =IFERROR((AA99*$AH$45),"") | AM99: =IFERROR((AB99*$AH$45),"") | AN99: =IFERROR((AC99*$AH$45),"") | AO99: =IFERROR(AVERAGE(AI99:AN99),"") | AP99: =IFERROR(STDEV(AI99:AN99), "")
D100: F | E100: =Data!H68 -> 0 | F100: =Data!I68 -> 0 | G100: =Data!J68 -> 0 | H100: =Data!K68 -> 0 | I100: =Data!L68 -> 0 | J100: =Data!M68 -> 0 | M100: F | N100: =IF(((E100-$P$11)/$P$10)>0,((E100-$P$11)/$P$10)," ") | O100: =IF(((F100-$P$11)/$P$10)>0,((F100-$P$11)/$P$10)," ") | P100: =IF(((G100-$P$11)/$P$10)>0,((G100-$P$11)/$P$10)," ") | Q100: =IF(((H100-$P$11)/$P$10)>0,((H100-$P$11)/$P$10)," ") | R100: =IF(((I100-$P$11)/$P$10)>0,((I100-$P$11)/$P$10)," ") | S100: =IF(((J100-$P$11)/$P$10)>0,((J100-$P$11)/$P$10)," ") | T100: =IFERROR(AVERAGE(N100:S100),"") | U100: =IFERROR(STDEV(N100:S100),"") | W100: 20 | X100: =IFERROR(($N$28-N100)/W100,"") | Y100: =IFERROR(($O$28-O100)/W100,"") | Z100: =IFERROR(($P$28-P100)/W100,"") | AA100: =IFERROR(($Q$19-Q100)/W100,"") | AB100: =IFERROR(($R$28-R100)/W100,"") | AC100: =IFERROR(($S$28-S100)/W100,"") | AD100: =IFERROR(AVERAGE(X100:AC100), "") | AE100: =IFERROR(STDEV(X100:AC100), "") | AH100: ='Sample ID'!$F$19 -> 0 | AI100: =IFERROR((X100*$AH$46),"") | AJ100: =IFERROR((Y100*$AH$46),"") | AK100: =IFERROR((Z100*$AH$46),"") | AL100: =IFERROR((AA100*$AH$46),"") | AM100: =IFERROR((AB100*$AH$46),"") | AN100: =IFERROR((AC100*$AH$46),"") | AO100: =IFERROR(AVERAGE(AI100:AN100),"") | AP100: =IFERROR(STDEV(AI100:AN100), "")
D101: G | E101: =Data!H69 -> 0 | F101: =Data!I69 -> 0 | G101: =Data!J69 -> 0 | H101: =Data!K69 -> 0 | I101: =Data!L69 -> 0 | J101: =Data!M69 -> 0 | M101: G | N101: =IF(((E101-$P$11)/$P$10)>0,((E101-$P$11)/$P$10)," ") | O101: =IF(((F101-$P$11)/$P$10)>0,((F101-$P$11)/$P$10)," ") | P101: =IF(((G101-$P$11)/$P$10)>0,((G101-$P$11)/$P$10)," ") | Q101: =IF(((H101-$P$11)/$P$10)>0,((H101-$P$11)/$P$10)," ") | R101: =IF(((I101-$P$11)/$P$10)>0,((I101-$P$11)/$P$10)," ") | S101: =IF(((J101-$P$11)/$P$10)>0,((J101-$P$11)/$P$10)," ") | T101: =IFERROR(AVERAGE(N101:S101),"") | U101: =IFERROR(STDEV(N101:S101),"") | W101: 20 | X101: =IFERROR(($N$29-N101)/W101,"") | Y101: =IFERROR(($O$29-O101)/W101,"") | Z101: =IFERROR(($P$29-P101)/W101,"") | AA101: =IFERROR(($Q$20-Q101)/W101,"") | AB101: =IFERROR(($R$29-R101)/W101,"") | AC101: =IFERROR(($S$29-S101)/W101,"") | AD101: =IFERROR(AVERAGE(X101:AC101), "") | AE101: =IFERROR(STDEV(X101:AC101), "") | AH101: ='Sample ID'!$F$20 -> 0 | AI101: =IFERROR((X101*$AH$47),"") | AJ101: =IFERROR((Y101*$AH$47),"") | AK101: =IFERROR((Z101*$AH$47),"") | AL101: =IFERROR((AA101*$AH$47),"") | AM101: =IFERROR((AB101*$AH$47),"") | AN101: =IFERROR((AC101*$AH$47),"") | AO101: =IFERROR(AVERAGE(AI101:AN101),"") | AP101: =IFERROR(STDEV(AI101:AN101), "")
D102: H | E102: =Data!H70 -> 0 | F102: =Data!I70 -> 0 | G102: =Data!J70 -> 0 | H102: =Data!K70 -> 0 | I102: =Data!L70 -> 0 | J102: =Data!M70 -> 0 | M102: H | N102: =IF(((E102-$P$11)/$P$10)>0,((E102-$P$11)/$P$10)," ") | O102: =IF(((F102-$P$11)/$P$10)>0,((F102-$P$11)/$P$10)," ") | P102: =IF(((G102-$P$11)/$P$10)>0,((G102-$P$11)/$P$10)," ") | Q102: =IF(((H102-$P$11)/$P$10)>0,((H102-$P$11)/$P$10)," ") | R102: =IF(((I102-$P$11)/$P$10)>0,((I102-$P$11)/$P$10)," ") | S102: =IF(((J102-$P$11)/$P$10)>0,((J102-$P$11)/$P$10)," ") | T102: =IFERROR(AVERAGE(N102:S102),"") | U102: =IFERROR(STDEV(N102:S102),"") | W102: 20 | X102: =IFERROR(($N$30-N102)/W102,"") | Y102: =IFERROR(($O$30-O102)/W102,"") | Z102: =IFERROR(($P$30-P102)/W102,"") | AA102: =IFERROR(($Q$21-Q102)/W102,"") | AB102: =IFERROR(($R$30-R102)/W102,"") | AC102: =IFERROR(($S$30-S102)/W102,"") | AD102: =IFERROR(AVERAGE(X102:AC102), "") | AE102: =IFERROR(STDEV(X102:AC102), "") | AH102: ='Sample ID'!$F$21 -> 0 | AI102: =IFERROR((X102*$AH$48),"") | AJ102: =IFERROR((Y102*$AH$48),"") | AK102: =IFERROR((Z102*$AH$48),"") | AL102: =IFERROR((AA102*$AH$48),"") | AM102: =IFERROR((AB102*$AH$48),"") | AN102: =IFERROR((AC102*$AH$48),"") | AO102: =IFERROR(AVERAGE(AI102:AN102),"") | AP102: =IFERROR(STDEV(AI102:AN102), "")
C103: 25 | E103: 1 | F103: 2 | G103: 3 | H103: 4 | I103: 5 | J103: 6 | L103: 25 | N103: 1 | O103: 2 | P103: 3 | Q103: 4 | R103: 5 | S103: 6 | T103: Average SC (mg/ml) | U103: Std Dev | W103: Time (min) | X103: 1 | Y103: 2 | Z103: 3 | AA103: 4 | AB103: 5 | AC103: 6 | AD103: Average Δ SC (mg/ml/min) | AE103: Std Dev | AG103: 25 | AH103: Dilution factor | AO103: Activity (mg/ml/min) | AP103: Std Dev
D104: A | E104: =Data!B75 -> 1.944 | F104: =Data!C75 -> 1.924 | G104: =Data!D75 -> 1.953 | H104: =Data!E75 -> 1.944 | I104: =Data!F75 -> 1.924 | J104: =Data!G75 -> 1.953 | M104: A | N104: =IF(((E104-$P$11)/$P$10)>0,((E104-$P$11)/$P$10)," ") -> 1.7051015 | O104: =IF(((F104-$P$11)/$P$10)>0,((F104-$P$11)/$P$10)," ") -> 1.6855804 | P104: =IF(((G104-$P$11)/$P$10)>0,((G104-$P$11)/$P$10)," ") -> 1.713886 | Q104: =IF(((H104-$P$11)/$P$10)>0,((H104-$P$11)/$P$10)," ") -> 1.7051015 | R104: =IF(((I104-$P$11)/$P$10)>0,((I104-$P$11)/$P$10)," ") -> 1.6855804 | S104: =IF(((J104-$P$11)/$P$10)>0,((J104-$P$11)/$P$10)," ") -> 1.713886 | T104: =IFERROR(AVERAGE(N104:S104),"") -> 1.7015226 | U104: =IFERROR(STDEV(N104:S104),"") -> 0.012958627 | W104: 25 | X104: =IFERROR(($N$14-N104)/W104,"") -> 0.0010541385 | Y104: =IFERROR(($O$14-O104)/W104,"") -> 0.0017959396 | Z104: =IFERROR(($P$14-P104)/W104,"") -> 0.0017959396 | AA104: =IFERROR(($Q$14-Q104)/W104,"") -> 0.0010541385 | AB104: =IFERROR(($R$14-R104)/W104,"") -> 0.0017959396 | AC104: =IFERROR(($S$14-S104)/W104,"") -> 0.0017959396 | AD104: =IFERROR(AVERAGE(X104:AC104), "") -> 0.0015486726 | AE104: =IFERROR(STDEV(X104:AC104), "") -> 0.00038306446 | AH104: ='Sample ID'!$F$6 -> 1 | AI104: =IFERROR((X104*$AH$32),"") -> 0.0010541385 | AJ104: =IFERROR((Y104*$AH$32),"") -> 0.0017959396 | AK104: =IFERROR((Z104*$AH$32),"") -> 0.0017959396 | AL104: =IFERROR((AA104*$AH$32),"") -> 0.0010541385 | AM104: =IFERROR((AB104*$AH$32),"") -> 0.0017959396 | AN104: =IFERROR((AC104*$AH$32),"") -> 0.0017959396 | AO104: =IFERROR(AVERAGE(AI104:AN104),"") -> 0.0015486726 | AP104: =IFERROR(STDEV(AI104:AN104), "") -> 0.00038306446
D105: B | E105: =Data!B76 -> 1.986 | F105: =Data!C76 -> 1.99 | G105: =Data!D76 -> 1.994 | H105: =Data!E76 -> 1.986 | I105: =Data!F76 -> 1.99 | J105: =Data!G76 -> 1.994 | M105: B | N105: =IF(((E105-$P$11)/$P$10)>0,((E105-$P$11)/$P$10)," ") -> 1.7460958 | O105: =IF(((F105-$P$11)/$P$10)>0,((F105-$P$11)/$P$10)," ") -> 1.75 | P105: =IF(((G105-$P$11)/$P$10)>0,((G105-$P$11)/$P$10)," ") -> 1.7539042 | Q105: =IF(((H105-$P$11)/$P$10)>0,((H105-$P$11)/$P$10)," ") -> 1.7460958 | R105: =IF(((I105-$P$11)/$P$10)>0,((I105-$P$11)/$P$10)," ") -> 1.75 | S105: =IF(((J105-$P$11)/$P$10)>0,((J105-$P$11)/$P$10)," ") -> 1.7539042 | T105: =IFERROR(AVERAGE(N105:S105),"") -> 1.75 | U105: =IFERROR(STDEV(N105:S105),"") -> 0.0034920374 | W105: 25 | X105: =IFERROR(($N$15-N105)/W105,"") -> -0.00089796981 | Y105: =IFERROR(($O$15-O105)/W105,"") -> -0.001171265 | Z105: =IFERROR(($P$15-P105)/W105,"") -> -0.00085892764 | AA105: =IFERROR(($Q$15-Q105)/W105,"") -> -0.00089796981 | AB105: =IFERROR(($R$15-R105)/W105,"") -> -0.001171265 | AC105: =IFERROR(($S$15-S105)/W105,"") -> -0.00085892764 | AD105: =IFERROR(AVERAGE(X105:AC105), "") -> -0.00097605414 | AE105: =IFERROR(STDEV(X105:AC105), "") -> 0.00015221438 | AH105: ='Sample ID'!$F$7 -> 1 | AI105: =IFERROR((X105*$AH$33),"") -> -0.00089796981 | AJ105: =IFERROR((Y105*$AH$33),"") -> -0.001171265 | AK105: =IFERROR((Z105*$AH$33),"") -> -0.00085892764 | AL105: =IFERROR((AA105*$AH$33),"") -> -0.00089796981 | AM105: =IFERROR((AB105*$AH$33),"") -> -0.001171265 | AN105: =IFERROR((AC105*$AH$33),"") -> -0.00085892764 | AO105: =IFERROR(AVERAGE(AI105:AN105),"") -> -0.00097605414 | AP105: =IFERROR(STDEV(AI105:AN105), "") -> 0.00015221438
D106: C | E106: =Data!B77 -> 2.009 | F106: =Data!C77 -> 2.013 | G106: =Data!D77 -> 2.024 | H106: =Data!E77 -> 2.009 | I106: =Data!F77 -> 2.013 | J106: =Data!G77 -> 2.024 | M106: C | N106: =IF(((E106-$P$11)/$P$10)>0,((E106-$P$11)/$P$10)," ") -> 1.768545 | O106: =IF(((F106-$P$11)/$P$10)>0,((F106-$P$11)/$P$10)," ") -> 1.7724492 | P106: =IF(((G106-$P$11)/$P$10)>0,((G106-$P$11)/$P$10)," ") -> 1.7831858 | Q106: =IF(((H106-$P$11)/$P$10)>0,((H106-$P$11)/$P$10)," ") -> 1.768545 | R106: =IF(((I106-$P$11)/$P$10)>0,((I106-$P$11)/$P$10)," ") -> 1.7724492 | S106: =IF(((J106-$P$11)/$P$10)>0,((J106-$P$11)/$P$10)," ") -> 1.7831858 | T106: =IFERROR(AVERAGE(N106:S106),"") -> 1.7747267 | U106: =IFERROR(STDEV(N106:S106),"") -> 0.0067810596 | W106: 25 | X106: =IFERROR(($N$16-N106)/W106,"") -> -0.001171265 | Y106: =IFERROR(($O$16-O106)/W106,"") -> -0.00050754815 | Z106: =IFERROR(($P$16-P106)/W106,"") -> 0.0001171265 | AA106: =IFERROR(($Q$16-Q106)/W106,"") -> -0.001171265 | AB106: =IFERROR(($R$16-R106)/W106,"") -> -0.00050754815 | AC106: =IFERROR(($S$16-S106)/W106,"") -> 0.0001171265 | AD106: =IFERROR(AVERAGE(X106:AC106), "") -> -0.00052056221 | AE106: =IFERROR(STDEV(X106:AC106), "") -> 0.00057627435 | AH106: ='Sample ID'!$F$8 -> 1 | AI106: =IFERROR((X106*$AH$34),"") -> -0.001171265 | AJ106: =IFERROR((Y106*$AH$34),"") -> -0.00050754815 | AK106: =IFERROR((Z106*$AH$34),"") -> 0.0001171265 | AL106: =IFERROR((AA106*$AH$34),"") -> -0.001171265 | AM106: =IFERROR((AB106*$AH$34),"") -> -0.00050754815 | AN106: =IFERROR((AC106*$AH$34),"") -> 0.0001171265 | AO106: =IFERROR(AVERAGE(AI106:AN106),"") -> -0.00052056221 | AP106: =IFERROR(STDEV(AI106:AN106), "") -> 0.00057627435
D107: D | E107: =Data!B78 -> 2.238 | F107: =Data!C78 -> 2.242 | G107: =Data!D78 -> 2.247 | H107: =Data!E78 -> 2.238 | I107: =Data!F78 -> 2.242 | J107: =Data!G78 -> 2.247 | M107: D | N107: =IF(((E107-$P$11)/$P$10)>0,((E107-$P$11)/$P$10)," ") -> 1.9920614 | O107: =IF(((F107-$P$11)/$P$10)>0,((F107-$P$11)/$P$10)," ") -> 1.9959656 | P107: =IF(((G107-$P$11)/$P$10)>0,((G107-$P$11)/$P$10)," ") -> 2.0008459 | Q107: =IF(((H107-$P$11)/$P$10)>0,((H107-$P$11)/$P$10)," ") -> 1.9920614 | R107: =IF(((I107-$P$11)/$P$10)>0,((I107-$P$11)/$P$10)," ") -> 1.9959656 | S107: =IF(((J107-$P$11)/$P$10)>0,((J107-$P$11)/$P$10)," ") -> 2.0008459 | T107: =IFERROR(AVERAGE(N107:S107),"") -> 1.996291 | U107: =IFERROR(STDEV(N107:S107),"") -> 0.0039366172 | W107: 25 | X107: =IFERROR(($N$17-N107)/W107,"") -> -0.0073399271 | Y107: =IFERROR(($O$17-O107)/W107,"") -> -0.0076132223 | Z107: =IFERROR(($P$17-P107)/W107,"") -> -0.0074960958 | AA107: =IFERROR(($Q$17-Q107)/W107,"") -> -0.0073399271 | AB107: =IFERROR(($R$17-R107)/W107,"") -> -0.0076132223 | AC107: =IFERROR(($S$17-S107)/W107,"") -> -0.0074960958 | AD107: =IFERROR(AVERAGE(X107:AC107), "") -> -0.0074830817 | AE107: =IFERROR(STDEV(X107:AC107), "") -> 0.00012263632 | AH107: ='Sample ID'!$F$9 -> 1 | AI107: =IFERROR((X107*$AH$35),"") -> -0.0073399271 | AJ107: =IFERROR((Y107*$AH$35),"") -> -0.0076132223 | AK107: =IFERROR((Z107*$AH$35),"") -> -0.0074960958 | AL107: =IFERROR((AA107*$AH$35),"") -> -0.0073399271 | AM107: =IFERROR((AB107*$AH$35),"") -> -0.0076132223 | AN107: =IFERROR((AC107*$AH$35),"") -> -0.0074960958 | AO107: =IFERROR(AVERAGE(AI107:AN107),"") -> -0.0074830817 | AP107: =IFERROR(STDEV(AI107:AN107), "") -> 0.00012263632
D108: E | E108: =Data!B79 -> 2.171 | F108: =Data!C79 -> 2.18 | G108: =Data!D79 -> 2.195 | H108: =Data!E79 -> 2.171 | I108: =Data!F79 -> 2.18 | J108: =Data!G79 -> 2.195 | M108: E | N108: =IF(((E108-$P$11)/$P$10)>0,((E108-$P$11)/$P$10)," ") -> 1.9266658 | O108: =IF(((F108-$P$11)/$P$10)>0,((F108-$P$11)/$P$10)," ") -> 1.9354503 | P108: =IF(((G108-$P$11)/$P$10)>0,((G108-$P$11)/$P$10)," ") -> 1.9500911 | Q108: =IF(((H108-$P$11)/$P$10)>0,((H108-$P$11)/$P$10)," ") -> 1.9266658 | R108: =IF(((I108-$P$11)/$P$10)>0,((I108-$P$11)/$P$10)," ") -> 1.9354503 | S108: =IF(((J108-$P$11)/$P$10)>0,((J108-$P$11)/$P$10)," ") -> 1.9500911 | T108: =IFERROR(AVERAGE(N108:S108),"") -> 1.9374024 | U108: =IFERROR(STDEV(N108:S108),"") -> 0.010584676 | W108: 25 | X108: =IFERROR(($N$18-N108)/W108,"") -> -0.0031233732 | Y108: =IFERROR(($O$18-O108)/W108,"") -> -0.0044117647 | Z108: =IFERROR(($P$18-P108)/W108,"") -> -0.0041384695 | AA108: =IFERROR(($Q$18-Q108)/W108,"") -> -0.0031233732 | AB108: =IFERROR(($R$18-R108)/W108,"") -> -0.0044117647 | AC108: =IFERROR(($S$18-S108)/W108,"") -> -0.0041384695 | AD108: =IFERROR(AVERAGE(X108:AC108), "") -> -0.0038912025 | AE108: =IFERROR(STDEV(X108:AC108), "") -> 0.00060718622 | AH108: ='Sample ID'!$F$10 -> 1 | AI108: =IFERROR((X108*$AH$36),"") -> -0.0031233732 | AJ108: =IFERROR((Y108*$AH$36),"") -> -0.0044117647 | AK108: =IFERROR((Z108*$AH$36),"") -> -0.0041384695 | AL108: =IFERROR((AA108*$AH$36),"") -> -0.0031233732 | AM108: =IFERROR((AB108*$AH$36),"") -> -0.0044117647 | AN108: =IFERROR((AC108*$AH$36),"") -> -0.0041384695 | AO108: =IFERROR(AVERAGE(AI108:AN108),"") -> -0.0038912025 | AP108: =IFERROR(STDEV(AI108:AN108), "") -> 0.00060718622
...

Sheet Std Curve
B2: Standard Curve Calibration
B6: Substrate Conc. (mg/ml) | C6: OD | D6: OD | E6: OD | F6: Avg | G6: Std Dev | H6: Description
B7: 0.25 | C7: 0.436 | D7: 0.409 | E7: 0.411 | F7: =AVERAGE(C7:E7) -> 0.41866667 | G7: =STDEV(C7:E7) -> 0.015044379 | H7: This data is generated by taking a substrate with known concentration of plastic and measuring the optical density in triplicate per concentration. This generates a standard curve which can be used to determine the weight of plastic broken down in future readings
B8: 0.5 | C8: 0.718 | D8: 0.726 | E8: 0.696 | F8: =AVERAGE(C8:E8) -> 0.71333333 | G8: =STDEV(C8:E8) -> 0.015534907
B9: 1 | C9: 1.198 | D9: 1.211 | E9: 1.152 | F9: =AVERAGE(C9:E9) -> 1.187 | G9: =STDEV(C9:E9) -> 0.031
B10: 1.25 | C10: 1.476 | D10: 1.53 | E10: 1.484 | F10: =AVERAGE(C10:E10) -> 1.4966667 | G10: =STDEV(C10:E10) -> 0.029143324
B11: 1.5 | C11: 1.736 | D11: 1.795 | E11: 1.757 | F11: =AVERAGE(C11:E11) -> 1.7626667 | G11: =STDEV(C11:E11) -> 0.029905406
B12: 2 | C12: 2.189 | D12: 2.241 | E12: 2.257 | F12: =AVERAGE(C12:E12) -> 2.229 | G12: =STDEV(C12:E12) -> 0.035552778
B14: Slope & y-intercept
B17: Description | C17: Variable | D17: Value
B18: Plastic Type (manual input): | C18: PCL | D18: -
B19: Gradient of std curve | C19: m | D19: =SLOPE(F8:F12,B8:B12) -> 1.0245333
B20: Y-axis Intercept | C20: c | D20: =INTERCEPT(F8:F12,B8:B12) -> 0.19706667
B21: Fit of Line (must be >= 0,98 | C21: R^2 | D21: =RSQ(F8:F12,B8:B12) -> 0.99795052
B23: Do not modify the slope or intercept values. These are calculated from the standard curve data and automatically integrated into the results sheet to compute the concentration of the substrate.

Sheet Substrate Degradation (mg ml)
B3: Substrate Degradation (mg/ml)
B5: No | C5: Sample ID | D5: Diluton Factor | E5: Graph Label | F5: 0 | G5: 5 | H5: 10 | I5: 15 | J5: 20 | K5: 25 | L5: 30 | M5: 35 | N5: 40 | O5: 45 | P5: 50 | Q5: 55 | R5: 60 | S5: 65 | T5: 70 | U5: 75 | V5: 80 | W5: 85 | X5: 90
B6: ='Sample ID'!D6 -> A 1-6 | C6: ='Sample ID'!E6 -> 484 | D6: ='Sample ID'!F6 -> 1 | E6: =C6 & " - DF " & D6 -> 484 - DF 1 | F6: =Results!T14 -> 1.7402395 | G6: =Results!T32 -> 1.7242972 | H6: =Results!T50 -> 1.7288522 | I6: =Results!T68 -> 1.7242972 | J6: =Results!T86 -> 1.7093311 | K6: =Results!T104 -> 1.7015226 | L6: =Results!T122 -> 1.696317 | M6: =Results!T140 -> 1.6904607 | N6: =Results!T158 -> 1.696317 | O6: =Results!T176 -> 1.6924128 | P6: =Results!T194 -> 1.68981 | Q6: =Results!T212 -> 1.6816762 | R6: =Results!T230 -> 1.6826523 | S6: =Results!T248 -> 1.6793988 | T6: =Results!T266 -> 1.6780973 | U6: =Results!T284 | V6: =Results!T302 | W6: =Results!T320 | X6: =Results!T338
B7: ='Sample ID'!D7 -> B 1-6 | C7: ='Sample ID'!E7 -> 548 | D7: ='Sample ID'!F7 -> 1 | E7: =C7 & " - DF " & D7 -> 548 - DF 1 | F7: =Results!T15 -> 1.7255986 | G7: =Results!T33 -> 1.7415409 | H7: =Results!T51 -> 1.7561817 | I7: =Results!T69 -> 1.7587845 | J7: =Results!T87 -> 1.7542296 | K7: =Results!T105 -> 1.75 | L7: =Results!T123 -> 1.7561817 | M7: =Results!T141 -> 1.7665929 | N7: =Results!T159 -> 1.7711478 | O7: =Results!T177 -> 1.7838365 | P7: =Results!T195 -> 1.7815591 | Q7: =Results!T213 -> 1.7763535 | R7: =Results!T231 -> 1.7792816 | S7: =Results!T249 -> 1.7773295 | T7: =Results!T267 -> 1.7773295 | U7: =Results!T285 | V7: =Results!T303 | W7: =Results!T321 | X7: =Results!T339
B8: ='Sample ID'!D8 -> C1-6 | C8: ='Sample ID'!E8 -> 716 | D8: ='Sample ID'!F8 -> 1 | E8: =C8 & " - DF " & D8 -> 716 - DF 1 | F8: =Results!T16 -> 1.7617126 | G8: =Results!T34 -> 1.7626887 | H8: =Results!T52 -> 1.7747267 | I8: =Results!T70 -> 1.7779802 | J8: =Results!T88 -> 1.7763535 | K8: =Results!T106 -> 1.7747267 | L8: =Results!T124 -> 1.7734253 | M8: =Results!T142 -> 1.7662676 | N8: =Results!T160 -> 1.7597605 | O8: =Results!T178 -> 1.7591098 | P8: =Results!T196 -> 1.7535789 | Q8: =Results!T214 -> 1.75 | R8: =Results!T232 -> 1.7581338 | S8: =Results!T250 -> 1.7584591 | T8: =Results!T268 -> 1.7688704 | U8: =Results!T286 | V8: =Results!T304 | W8: =Results!T322 | X8: =Results!T340
B9: ='Sample ID'!D9 -> D 1-6 | C9: ='Sample ID'!E9 -> 824 | D9: ='Sample ID'!F9 -> 1 | E9: =C9 & " - DF " & D9 -> 824 - DF 1 | F9: =Results!T17 -> 1.809214 | G9: =Results!T35 -> 1.9100729 | H9: =Results!T53 -> 1.961153 | I9: =Results!T71 -> 1.9943389 | J9: =Results!T89 -> 1.9969417 | K9: =Results!T107 -> 1.996291 | L9: =Results!T125 -> 1.9992192 | M9: =Results!T143 -> 2.0164628 | N9: =Results!T161 -> 2.0164628 | O9: =Results!T179 -> 2.0210177 | P9: =Results!T197 -> 2.0229698 | Q9: =Results!T215 -> 2.0216684 | R9: =Results!T233 -> 2.0232952 | S9: =Results!T251 -> 2.0210177 | T9: =Results!T269 -> 2.0249219 | U9: =Results!T287 | V9: =Results!T305 | W9: =Results!T323 | X9: =Results!T341
B10: ='Sample ID'!D10 -> E 1-6 | C10: ='Sample ID'!E10 -> 437 | D10: ='Sample ID'!F10 -> 1 | E10: =C10 & " - DF " & D10 -> 437 - DF 1 | F10: =Results!T18 -> 1.8401223 | G10: =Results!T36 -> 1.8977095 | H10: =Results!T54 -> 1.9221109 | I10: =Results!T72 -> 1.9396799 | J10: =Results!T90 -> 1.9341489 | K10: =Results!T108 -> 1.9374024 | L10: =Results!T126 -> 1.9338235 | M10: =Results!T144 -> 1.941632 | N10: =Results!T162 -> 1.9400052 | O10: =Results!T180 -> 1.9377277 | P10: =Results!T198 -> 1.9243883 | Q10: =Results!T216 -> 1.9286179 | R10: =Results!T234 -> 1.9208095 | S10: =Results!T252 -> 1.9221109 | T10: =Results!T270 -> 1.9276419 | U10: =Results!T288 | V10: =Results!T306 | W10: =Results!T324 | X10: =Results!T342
B11: ='Sample ID'!D11 -> F 1-6 | C11: ='Sample ID'!E11 -> 0 | D11: ='Sample ID'!F11 -> 0 | E11: =C11 & " - DF " & D11 -> 0 - DF 0 | F11: =Results!T19 -> 1.6706143 | G11: =Results!T37 -> 1.6182327 | H11: =Results!T55 -> 1.5577173 | I11: =Results!T73 -> 1.4932978 | J11: =Results!T91 -> 1.4266007 | K11: =Results!T109 -> 1.3690135 | L11: =Results!T127 -> 1.3034552 | M11: =Results!T145 -> 1.2577434 | N11: =Results!T163 -> 1.203735 | O11: =Results!T181 -> 1.1513535 | P11: =Results!T199 -> 1.0973451 | Q11: =Results!T217 -> 1.0508199 | R11: =Results!T235 -> 0.99323269 | S11: =Results!T253 -> 0.92328214 | T11: =Results!T271 -> 0.85072879 | U11: =Results!T289 | V11: =Results!T307 | W11: =Results!T325 | X11: =Results!T343
B12: ='Sample ID'!D12 -> G 1-6 | C12: ='Sample ID'!E12 -> 0 | D12: ='Sample ID'!F12 -> 0 | E12: =C12 & " - DF " & D12 -> 0 - DF 0 | F12: =Results!T20 -> 1.6696382 | G12: =Results!T38 -> 1.6429594 | H12: =Results!T56 -> 1.6224623 | I12: =Results!T74 -> 1.5899271 | J12: =Results!T92 -> 1.5534878 | K12: =Results!T110 -> 1.5264836 | L12: =Results!T128 -> 1.5007808 | M12: =Results!T146 -> 1.4923217 | N12: =Results!T164 -> 1.4838626 | O12: =Results!T182 -> 1.4747527 | P12: =Results!T200 -> 1.4636908 | Q12: =Results!T218 -> 1.4539302 | R12: =Results!T236 -> 1.4337585 | S12: =Results!T254 -> 1.4051275 | T12: =Results!T272 -> 1.3716163 | U12: =Results!T290 | V12: =Results!T308 | W12: =Results!T326 | X12: =Results!T344
B13: ='Sample ID'!D13 -> H 1-6 | C13: ='Sample ID'!E13 -> 0 | D13: ='Sample ID'!F13 -> 0 | E13: =C13 & " - DF " & D13 -> 0 - DF 0 | F13: =Results!T21 | G13: =Results!T39 | H13: =Results!T57 | I13: =Results!T75 | J13: =Results!T93 | K13: =Results!T111 | L13: =Results!T129 | M13: =Results!T147 | N13: =Results!T165 | O13: =Results!T183 | P13: =Results!T201 | Q13: =Results!T219 | R13: =Results!T237 | S13: =Results!T255 | T13: =Results!T273 | U13: =Results!T291 | V13: =Results!T309 | W13: =Results!T327 | X13: =Results!T345
B14: ='Sample ID'!D14 -> A 7-12 | C14: ='Sample ID'!E14 -> 0 | D14: ='Sample ID'!F14 -> 0 | E14: =C14 & " - DF " & D14 -> 0 - DF 0 | F14: =Results!T23 | G14: =Results!T41 | H14: =Results!T59 | I14: =Results!T77 | J14: =Results!T95 | K14: =Results!T113 | L14: =Results!T131 | M14: =Results!T149 | N14: =Results!T167 | O14: =Results!T185 | P14: =Results!T203 | Q14: =Results!T221 | R14: =Results!T239 | S14: =Results!T257 | T14: =Results!T275 | U14: =Results!T293 | V14: =Results!T311 | W14: =Results!T329 | X14: =Results!T347
B15: ='Sample ID'!D15 -> B 7-12 | C15: ='Sample ID'!E15 -> 0 | D15: ='Sample ID'!F15 -> 0 | E15: =C15 & " - DF " & D15 -> 0 - DF 0 | F15: =Results!T24 | G15: =Results!T42 | H15: =Results!T60 | I15: =Results!T78 | J15: =Results!T96 | K15: =Results!T114 | L15: =Results!T132 | M15: =Results!T150 | N15: =Results!T168 | O15: =Results!T186 | P15: =Results!T204 | Q15: =Results!T222 | R15: =Results!T240 | S15: =Results!T258 | T15: =Results!T276 | U15: =Results!T294 | V15: =Results!T312 | W15: =Results!T330 | X15: =Results!T348
B16: ='Sample ID'!D16 -> C7-12 | C16: ='Sample ID'!E16 -> 0 | D16: ='Sample ID'!F16 -> 0 | E16: =C16 & " - DF " & D16 -> 0 - DF 0 | F16: =Results!T25 | G16: =Results!T43 | H16: =Results!T61 | I16: =Results!T79 | J16: =Results!T97 | K16: =Results!T115 | L16: =Results!T133 | M16: =Results!T151 | N16: =Results!T169 | O16: =Results!T187 | P16: =Results!T205 | Q16: =Results!T223 | R16: =Results!T241 | S16: =Results!T259 | T16: =Results!T277 | U16: =Results!T295 | V16: =Results!T313 | W16: =Results!T331 | X16: =Results!T349
B17: ='Sample ID'!D17 -> D 7-12 | C17: ='Sample ID'!E17 -> 0 | D17: ='Sample ID'!F17 -> 0 | E17: =C17 & " - DF " & D17 -> 0 - DF 0 | F17: =Results!T26 | G17: =Results!T44 | H17: =Results!T62 | I17: =Results!T80 | J17: =Results!T98 | K17: =Results!T116 | L17: =Results!T134 | M17: =Results!T152 | N17: =Results!T170 | O17: =Results!T188 | P17: =Results!T206 | Q17: =Results!T224 | R17: =Results!T242 | S17: =Results!T260 | T17: =Results!T278 | U17: =Results!T296 | V17: =Results!T314 | W17: =Results!T332 | X17: =Results!T350
B18: ='Sample ID'!D18 -> E 7-12 | C18: ='Sample ID'!E18 -> 0 | D18: ='Sample ID'!F18 -> 0 | E18: =C18 & " - DF " & D18 -> 0 - DF 0 | F18: =Results!T27 | G18: =Results!T45 | H18: =Results!T63 | I18: =Results!T81 | J18: =Results!T99 | K18: =Results!T117 | L18: =Results!T135 | M18: =Results!T153 | N18: =Results!T171 | O18: =Results!T189 | P18: =Results!T207 | Q18: =Results!T225 | R18: =Results!T243 | S18: =Results!T261 | T18: =Results!T279 | U18: =Results!T297 | V18: =Results!T315 | W18: =Results!T333 | X18: =Results!T351
B19: ='Sample ID'!D19 -> F 7-12 | C19: ='Sample ID'!E19 -> 0 | D19: ='Sample ID'!F19 -> 0 | E19: =C19 & " - DF " & D19 -> 0 - DF 0 | F19: =Results!T28 | G19: =Results!T46 | H19: =Results!T64 | I19: =Results!T82 | J19: =Results!T100 | K19: =Results!T118 | L19: =Results!T136 | M19: =Results!T154 | N19: =Results!T172 | O19: =Results!T190 | P19: =Results!T208 | Q19: =Results!T226 | R19: =Results!T244 | S19: =Results!T262 | T19: =Results!T280 | U19: =Results!T298 | V19: =Results!T316 | W19: =Results!T334 | X19: =Results!T352
B20: ='Sample ID'!D20 -> G 7-12 | C20: ='Sample ID'!E20 -> 0 | D20: ='Sample ID'!F20 -> 0 | E20: =C20 & " - DF " & D20 -> 0 - DF 0 | F20: =Results!T29 | G20: =Results!T47 | H20: =Results!T65 | I20: =Results!T83 | J20: =Results!T101 | K20: =Results!T119 | L20: =Results!T137 | M20: =Results!T155 | N20: =Results!T173 | O20: =Results!T191 | P20: =Results!T209 | Q20: =Results!T227 | R20: =Results!T245 | S20: =Results!T263 | T20: =Results!T281 | U20: =Results!T299 | V20: =Results!T317 | W20: =Results!T335 | X20: =Results!T353
B21: ='Sample ID'!D21 -> H 7-12 | C21: ='Sample ID'!E21 -> 0 | D21: ='Sample ID'!F21 -> 0 | E21: =C21 & " - DF " & D21 -> 0 - DF 0 | F21: =Results!T30 | G21: =Results!T48 | H21: =Results!T66 | I21: =Results!T84 | J21: =Results!T102 | K21: =Results!T120 | L21: =Results!T138 | M21: =Results!T156 | N21: =Results!T174 | O21: =Results!T192 | P21: =Results!T210 | Q21: =Results!T228 | R21: =Results!T246 | S21: =Results!T264 | T21: =Results!T282 | U21: =Results!T300 | V21: =Results!T318 | W21: =Results!T336 | X21: =Results!T354
B23: No | C23: Sample ID | D23: Diluton Factor | E23: Graph Label | F23: 0 | G23: 5 | H23: 10 | I23: 15 | J23: 20 | K23: 25 | L23: 30 | M23: 35 | N23: 40 | O23: 45 | P23: 50 | Q23: 55 | R23: 60 | S23: 65 | T23: 70 | U23: 75 | V23: 80 | W23: 85 | X23: 90
B24: =B6 -> A 1-6 | C24: =C6 -> 484 | D24: =D6 -> 1 | E24: =E6 -> 484 - DF 1 | F24: =Results!U14 -> 0.014371548 | G24: =Results!U32 -> 0.010230736 | H24: =Results!U50 -> 0.013701891 | I24: =Results!U68 -> 0.0043064529 | J24: =Results!U86 -> 0.010915527 | K24: =Results!U104 -> 0.012958627 | L24: =Results!U122 -> 0.014841159 | M24: =Results!U140 -> 0.010620617 | N24: =Results!U158 -> 0.015714169 | O24: =Results!U176 -> 0.016309161 | P24: =Results!U194 -> 0.012721197 | Q24: =Results!U212 -> 0.01144941 | R24: =Results!U230 -> 0.010620617 | S24: =Results!U248 -> 0.013075726 | T24: =Results!U266 -> 0.0089598722 | U24: =Results!U284 | V24: =Results!U302 | W24: =Results!U320 | X24: =Results!U338
B25: =B7 -> B 1-6 | C25: =C7 -> 548 | D25: =D7 -> 1 | E25: =E7 -> 548 - DF 1 | F25: =Results!U15 -> 0.0054519417 | G25: =Results!U33 -> 0.0075268057 | H25: =Results!U51 -> 0.010118376 | I25: =Results!U69 -> 0.0046195313 | J25: =Results!U87 -> 0.0052622506 | K25: =Results!U105 -> 0.0034920374 | L25: =Results!U123 -> 0.0066677191 | M25: =Results!U141 -> 0.0097214208 | N25: =Results!U159 -> 0.010230736 | O25: =Results!U177 -> 0.016223261 | P25: =Results!U195 -> 0.0018173139 | Q25: =Results!U213 -> 0.0057247052 | R25: =Results!U231 -> 0.010938776 | S25: =Results!U249 -> 0.0090725794 | T25: =Results!U267 -> 0.0030241931 | U25: =Results!U285 | V25: =Results!U303 | W25: =Results!U321 | X25: =Results!U339
B26: =B8 -> C1-6 | C26: =C8 -> 716 | D26: =D8 -> 1 | E26: =E8 -> 716 - DF 1 | F26: =Results!U16 -> 0.021006717 | G26: =Results!U34 -> 0.014917991 | H26: =Results!U52 -> 0.01152681 | I26: =Results!U70 -> 0.015329541 | J26: =Results!U88 -> 0.014049756 | K26: =Results!U106 -> 0.0067810596 | L26: =Results!U124 -> 0.009603103 | M26: =Results!U142 -> 0.0020161288 | N26: =Results!U160 -> 0.0083279785 | O26: =Results!U178 -> 0.01084548 | P26: =Results!U196 -> 0.014406859 | Q26: =Results!U214 -> 0.017525541 | R26: =Results!U232 -> 0.024713002 | S26: =Results!U250 -> 0.019914056 | T26: =Results!U268 -> 0.012870104 | U26: =Results!U286 | V26: =Results!U304 | W26: =Results!U322 | X26: =Results!U340
B27: =B9 -> D 1-6 | C27: =C9 -> 824 | D27: =D9 -> 1 | E27: =E9 -> 824 - DF 1 | F27: =Results!U17 -> 0.0035282253 | G27: =Results!AE35 -> 0.00020161288 | H27: =Results!AE53 -> 0.0011625566 | I27: =Results!AE71 -> 0.00049499052 | J27: =Results!AE89 -> 0.0002557684 | K27: =Results!AE107 -> 0.00012263632 | L27: =Results!AE125 -> 0.00031116023 | M27: =Results!AE143 -> 0.00026436574 | N27: =Results!AE161 -> 0.00020279076 | O27: =Results!AE179 -> 8.8902922e-05 | P27: =Results!AE197 -> 0.00012096773 | Q27: =Results!U215 -> 0.00050403219 | R27: =Results!AE233 -> 9.6879713e-05 | S27: =Results!AE251 -> 0.00012309635 | T27: =Results!AE269 -> 0.00010655708 | U27: =Results!AE287 | V27: =Results!AE305 | W27: =Results!AE323 | X27: =Results!AE341
B28: =B10 -> E 1-6 | C28: =C10 -> 437 | D28: =D10 -> 1 | E28: =E10 -> 437 - DF 1 | F28: =Results!U18 -> 0.011625566 | G28: =Results!AE36 -> 0.0032005052 | H28: =Results!AE54 -> 0.00076107192 | I28: =Results!AE72 -> 0.00075660811 | J28: =Results!AE90 -> 0.00072034294 | K28: =Results!AE108 -> 0.00060718622 | L28: =Results!AE126 -> 0.00057247052 | M28: =Results!AE144 -> 0.00054704543 | N28: =Results!AE162 -> 0.00052622506 | O28: =Results!AE180 -> 0.0005248823 | P28: =Results!AE198 -> 0.00067630528 | Q28: =Results!U216 -> 0.027273684 | R28: =Results!AE234 -> 0.00058315699 | S28: =Results!AE252 -> 0.00069361272 | T28: =Results!AE270 -> 0.00071429868 | U28: =Results!AE288 | V28: =Results!AE306 | W28: =Results!AE324 | X28: =Results!AE342
B29: =B11 -> F 1-6 | C29: =C11 -> 0 | D29: =D11 -> 0 | E29: =E11 -> 0 - DF 0 | F29: =Results!U19 -> 0.019173109 | G29: =Results!AE37 -> 0.0008064515 | H29: =Results!AE55 -> 0.00049641414 | I29: =Results!AE73 -> 0.00054077536 | J29: =Results!AE91 -> 0.00053638593 | K29: =Results!AE109 -> 0.00068696463 | L29: =Results!AE127 -> 0.00057786899 | M29: =Results!AE145 -> 0.00041212806 | N29: =Results!AE163 -> 0.00024040803 | O29: =Results!AE181 -> 0.00018708883 | P29: =Results!AE199 -> 0.00025442395 | Q29: =Results!U217 -> 0.02772177 | R29: =Results!AE235 -> 0.00031510411 | S29: =Results!AE253 -> 0.00039714039 | T29: =Results!AE271 -> 0.00048607104 | U29: =Results!AE289 | V29: =Results!AE307 | W29: =Results!AE325 | X29: =Results!AE343
B30: =B12 -> G 1-6 | C30: =C12 -> 0 | D30: =D12 -> 0 | E30: =E12 -> 0 - DF 0 | F30: =Results!U20 -> 0.0052622506 | G30: =Results!AE38 -> 0.001322064 | H30: =Results!AE56 -> 0.00040322575 | I30: =Results!AE74 -> 0.00027504542 | J30: =Results!AE92 -> 0.00041639893 | K30: =Results!AE110 -> 2.0161288e-05 | L30: =Results!AE128 -> 0.00010492267 | M30: =Results!AE146 -> 2.8801839e-05 | N30: =Results!AE164 -> 0.0001485613 | O30: =Results!AE182 -> 9.9554135e-05 | P30: =Results!AE200 -> 0.00015120966 | Q30: =Results!U218 -> 0.012356501 | R30: =Results!AE236 -> 0.0001735885 | S30: =Results!AE254 -> 8.3876026e-05 | T30: =Results!AE272 -> 8.0180928e-05 | U30: =Results!AE290 | V30: =Results!AE308 | W30: =Results!AE326 | X30: =Results!AE344
B31: =B13 -> H 1-6 | C31: =C13 -> 0 | D31: =D13 -> 0 | E31: =E13 -> 0 - DF 0 | F31: =Results!U21 | G31: =Results!AE39 | H31: =Results!AE57 | I31: =Results!AE75 | J31: =Results!AE93 | K31: =Results!AE111 | L31: =Results!AE129 | M31: =Results!AE147 | N31: =Results!AE165 | O31: =Results!AE183 | P31: =Results!AE201 | Q31: =Results!U219 | R31: =Results!AE237 | S31: =Results!AE255 | T31: =Results!AE273 | U31: =Results!AE291 | V31: =Results!AE309 | W31: =Results!AE327 | X31: =Results!AE345
B32: =B14 -> A 7-12 | C32: =C14 -> 0 | D32: =D14 -> 0 | E32: =E14 -> 0 - DF 0 | F32: =Results!U23 | G32: =Results!U41 | H32: =Results!U59 | I32: =Results!U77 | J32: =Results!U95 | K32: =Results!U113 | L32: =Results!U131 | M32: =Results!U149 | N32: =Results!U167 | O32: =Results!U185 | P32: =Results!U203 | Q32: =Results!U221 | R32: =Results!U239 | S32: =Results!U257 | T32: =Results!U275 | U32: =Results!U293 | V32: =Results!U311 | W32: =Results!U329 | X32: =Results!U347
B33: =B15 -> B 7-12 | C33: =C15 -> 0 | D33: =D15 -> 0 | E33: =E15 -> 0 - DF 0 | F33: =Results!U24 | G33: =Results!U42 | H33: =Results!U60 | I33: =Results!U78 | J33: =Results!U96 | K33: =Results!U114 | L33: =Results!U132 | M33: =Results!U150 | N33: =Results!U168 | O33: =Results!U186 | P33: =Results!U204 | Q33: =Results!U222 | R33: =Results!U240 | S33: =Results!U258 | T33: =Results!U276 | U33: =Results!U294 | V33: =Results!U312 | W33: =Results!U330 | X33: =Results!U348
B34: =B16 -> C7-12 | C34: =C16 -> 0 | D34: =D16 -> 0 | E34: =E16 -> 0 - DF 0 | F34: =Results!U25 | G34: =Results!U43 | H34: =Results!U61 | I34: =Results!U79 | J34: =Results!U97 | K34: =Results!U115 | L34: =Results!U133 | M34: =Results!U151 | N34: =Results!U169 | O34: =Results!U187 | P34: =Results!U205 | Q34: =Results!U223 | R34: =Results!U241 | S34: =Results!U259 | T34: =Results!U277 | U34: =Results!U295 | V34: =Results!U313 | W34: =Results!U331 | X34: =Results!U349
B35: =B17 -> D 7-12 | C35: =C17 -> 0 | D35: =D17 -> 0 | E35: =E17 -> 0 - DF 0 | F35: =Results!U26 | G35: =Results!U44 | H35: =Results!U62 | I35: =Results!U80 | J35: =Results!U98 | K35: =Results!U116 | L35: =Results!U134 | M35: =Results!U152 | N35: =Results!U170 | O35: =Results!U188 | P35: =Results!U206 | Q35: =Results!U224 | R35: =Results!U242 | S35: =Results!U260 | T35: =Results!U278 | U35: =Results!U296 | V35: =Results!U314 | W35: =Results!U332 | X35: =Results!U350
B36: =B18 -> E 7-12 | C36: =C18 -> 0 | D36: =D18 -> 0 | E36: =E18 -> 0 - DF 0 | F36: =Results!U27 | G36: =Results!U45 | H36: =Results!U63 | I36: =Results!U81 | J36: =Results!U99 | K36: =Results!U117 | L36: =Results!U135 | M36: =Results!U153 | N36: =Results!U171 | O36: =Results!U189 | P36: =Results!U207 | Q36: =Results!U225 | R36: =Results!U243 | S36: =Results!U261 | T36: =Results!U279 | U36: =Results!U297 | V36: =Results!U315 | W36: =Results!U333 | X36: =Results!U351
B37: =B19 -> F 7-12 | C37: =C19 -> 0 | D37: =D19 -> 0 | E37: =E19 -> 0 - DF 0 | F37: =Results!U28 | G37: =Results!U46 | H37: =Results!U64 | I37: =Results!U82 | J37: =Results!U100 | K37: =Results!U118 | L37: =Results!U136 | M37: =Results!U154 | N37: =Results!U172 | O37: =Results!U190 | P37: =Results!U208 | Q37: =Results!U226 | R37: =Results!U244 | S37: =Results!U262 | T37: =Results!U280 | U37: =Results!U298 | V37: =Results!U316 | W37: =Results!U334 | X37: =Results!U352
B38: =B20 -> G 7-12 | C38: =C20 -> 0 | D38: =D20 -> 0 | E38: =E20 -> 0 - DF 0 | F38: =Results!U29 | G38: =Results!U47 | H38: =Results!U65 | I38: =Results!U83 | J38: =Results!U101 | K38: =Results!U119 | L38: =Results!U137 | M38: =Results!U155 | N38: =Results!U173 | O38: =Results!U191 | P38: =Results!U209 | Q38: =Results!U227 | R38: =Results!U245 | S38: =Results!U263 | T38: =Results!U281 | U38: =Results!U299 | V38: =Results!U317 | W38: =Results!U335 | X38: =Results!U353
B39: =B21 -> H 7-12 | C39: =C21 -> 0 | D39: =D21 -> 0 | E39: =E21 -> 0 - DF 0 | F39: =Results!U30 | G39: =Results!U48 | H39: =Results!U66 | I39: =Results!U84 | J39: =Results!U102 | K39: =Results!U120 | L39: =Results!U138 | M39: =Results!U156 | N39: =Results!U174 | O39: =Results!U192 | P39: =Results!U210 | Q39: =Results!U228 | R39: =Results!U246 | S39: =Results!U264 | T39: =Results!U282 | U39: =Results!U300 | V39: =Results!U318 | W39: =Results!U336 | X39: =Results!U354

Sheet Activity (mg ml min)
B3: Activity (mg/ml/min)
B5: No | C5: Sample ID | D5: Diluton Factor | E5: Graph Label | F5: 0 | G5: 5 | H5: 10 | I5: 15 | J5: 20 | K5: 25 | L5: 30 | M5: 35 | N5: 40 | O5: 45 | P5: 50 | Q5: 55 | R5: 60 | S5: 65 | T5: 70 | U5: 75 | V5: 80 | W5: 85 | X5: 90
B6: ='Sample ID'!D6 -> A 1-6 | C6: ='Sample ID'!E6 -> 484 | D6: ='Sample ID'!F6 -> 1 | E6: RKU43484.1 | F6: =Results!AO14 -> 0 | G6: =Results!AO32 -> 0.0031884435 | H6: =Results!AO50 -> 0.0011387298 | I6: =Results!AO68 -> 0.0010628145 | J6: =Results!AO86 -> 0.0015454191 | K6: =Results!AO104 -> 0.0015486726 | L6: =Results!AO122 -> 0.0014640812 | M6: =Results!AO140 -> 0.0014222503 | N6: =Results!AO158 -> 0.0010980609 | O6: =Results!AO176 -> 0.0010628145 | P6: =Results!AO194 -> 0.0010085893 | Q6: =Results!AO212 -> 0.0010647863 | R6: =Results!AO230 -> 0.00095978657 | S6: =Results!AO248 -> 0.00093601089 | T6: =Results!AO266 -> 0.00088774448 | U6: =Results!AO284 | V6: =Results!AO302 | W6: =Results!AO320 | X6: =Results!AO338
B7: ='Sample ID'!D7 -> B 1-6 | C7: ='Sample ID'!E7 -> 548 | D7: ='Sample ID'!F7 -> 1 | E7: RKU40548.1 | F7: =Results!AO15 -> 0 | G7: =Results!AO33 -> -0.0031884435 | H7: =Results!AO51 -> -0.003058303 | I7: =Results!AO69 -> -0.0022123894 | J7: =Results!AO87 -> -0.0014315461 | K7: =Results!AO105 -> -0.00097605414 | L7: =Results!AO123 -> -0.0010194343 | M7: =Results!AO141 -> -0.001171265 | N7: =Results!AO159 -> -0.0011387298 | O7: =Results!AO177 -> -0.0012941755 | P7: =Results!AO195 -> -0.0011192087 | Q7: =Results!AO213 -> -0.00092281482 | R7: =Results!AO231 -> -0.00089471629 | S7: =Results!AO249 -> -0.00079585953 | T7: =Results!AO267 -> -0.00073901242 | U7: =Results!AO285 | V7: =Results!AO303 | W7: =Results!AO321 | X7: =Results!AO339
B8: ='Sample ID'!D8 -> C1-6 | C8: ='Sample ID'!E8 -> 716 | D8: ='Sample ID'!F8 -> 1 | E8: RKU46716.1 | F8: =Results!AO16 -> 0 | G8: =Results!AO34 -> -0.00019521083 | H8: =Results!AO52 -> -0.0013014055 | I8: =Results!AO70 -> -0.0010845046 | J8: =Results!AO88 -> -0.0007320406 | K8: =Results!AO106 -> -0.00052056221 | L8: =Results!AO124 -> -0.00039042166 | M8: =Results!AO142 -> -0.00013014055 | N8: =Results!AO160 -> 4.8802707e-05 | O8: =Results!AO178 -> 5.7840245e-05 | P8: =Results!AO196 -> 0.00016267569 | Q8: =Results!AO214 -> 0.00021295727 | R8: =Results!AO232 -> 5.9647753e-05 | S8: =Results!AO250 -> 5.0054058e-05 | T8: =Results!AO268 -> -0.00010225329 | U8: =Results!AO286 | V8: =Results!AO304 | W8: =Results!AO322 | X8: =Results!AO340
B9: ='Sample ID'!D9 -> D 1-6 | C9: ='Sample ID'!E9 -> 824 | D9: ='Sample ID'!F9 -> 1 | E9: RKU40824.1 | F9: =Results!AO17 -> 0 | G9: =Results!AO35 -> -0.020171786 | H9: =Results!AO53 -> -0.015193909 | I9: =Results!AO71 -> -0.012341662 | J9: =Results!AO89 -> -0.0093863873 | K9: =Results!AO107 -> -0.0074830817 | L9: =Results!AO125 -> -0.0063335069 | M9: =Results!AO143 -> -0.0059213951 | N9: =Results!AO161 -> -0.0051812207 | O9: =Results!AO179 -> -0.00470675 | P9: =Results!AO197 -> -0.0042751171 | Q9: =Results!AO215 -> -0.0038628082 | R9: =Results!AO233 -> -0.0035680201 | S9: =Results!AO251 -> -0.0032585192 | T9: =Results!AO269 -> -0.0030815424 | U9: =Results!AO287 | V9: =Results!AO305 | W9: =Results!AO323 | X9: =Results!AO341
B10: ='Sample ID'!D10 -> E 1-6 | C10: ='Sample ID'!E10 -> 437 | D10: ='Sample ID'!F10 -> 1 | E10: =C10 & " - DF " & D10 -> 437 - DF 1 | F10: =Results!AO18 -> 0 | G10: =Results!AO36 -> -0.011517439 | H10: =Results!AO54 -> -0.0081988548 | I10: =Results!AO72 -> -0.0066371681 | J10: =Results!AO90 -> -0.0047013274 | K10: =Results!AO108 -> -0.0038912025 | L10: =Results!AO126 -> -0.0031233732 | M10: =Results!AO144 -> -0.0029002752 | N10: =Results!AO162 -> -0.0024970718 | O10: =Results!AO180 -> -0.0021690092 | P10: =Results!AO198 -> -0.0016853201 | Q10: =Results!AO216 -> -0.0016090105 | R10: =Results!AO234 -> -0.0013447857 | S10: =Results!AO252 -> -0.0012613623 | T10: =Results!AO270 -> -0.0012502789 | U10: =Results!AO288 | V10: =Results!AO306 | W10: =Results!AO324 | X10: =Results!AO342
B11: ='Sample ID'!D11 -> F 1-6 | C11: ='Sample ID'!E11 -> 0 | D11: ='Sample ID'!F11 -> 0 | E11: =C11 & " - DF " & D11 -> 0 - DF 0 | F11: =Results!AO19 -> 0 | G11: =Results!AO37 -> 0 | H11: =Results!AO55 -> 0 | I11: =Results!AO73 -> 0 | J11: =Results!AO91 -> 0 | K11: =Results!AO109 -> 0 | L11: =Results!AO127 -> 0 | M11: =Results!AO145 -> 0 | N11: =Results!AO163 -> 0 | O11: =Results!AO181 -> 0 | P11: =Results!AO199 -> 0 | Q11: =Results!AO217 -> 0 | R11: =Results!AO235 -> 0 | S11: =Results!AO253 -> 0 | T11: =Results!AO271 -> 0 | U11: =Results!AO289 | V11: =Results!AO307 | W11: =Results!AO325 | X11: =Results!AO343
B12: ='Sample ID'!D12 -> G 1-6 | C12: ='Sample ID'!E12 -> 0 | D12: ='Sample ID'!F12 -> 0 | E12: =C12 & " - DF " & D12 -> 0 - DF 0 | F12: =Results!AO20 -> 0 | G12: =Results!AO38 -> 0 | H12: =Results!AO56 -> 0 | I12: =Results!AO74 -> 0 | J12: =Results!AO92 -> 0 | K12: =Results!AO110 -> 0 | L12: =Results!AO128 -> 0 | M12: =Results!AO146 -> 0 | N12: =Results!AO164 -> 0 | O12: =Results!AO182 -> 0 | P12: =Results!AO200 -> 0 | Q12: =Results!AO218 -> 0 | R12: =Results!AO236 -> 0 | S12: =Results!AO254 -> 0 | T12: =Results!AO272 -> 0 | U12: =Results!AO290 | V12: =Results!AO308 | W12: =Results!AO326 | X12: =Results!AO344
B13: ='Sample ID'!D13 -> H 1-6 | C13: ='Sample ID'!E13 -> 0 | D13: ='Sample ID'!F13 -> 0 | E13: =C13 & " - DF " & D13 -> 0 - DF 0 | F13: =Results!AO21 -> 0 | G13: =Results!AO39 | H13: =Results!AO57 | I13: =Results!AO75 | J13: =Results!AO93 | K13: =Results!AO111 | L13: =Results!AO129 | M13: =Results!AO147 | N13: =Results!AO165 | O13: =Results!AO183 | P13: =Results!AO201 | Q13: =Results!AO219 | R13: =Results!AO237 | S13: =Results!AO255 | T13: =Results!AO273 | U13: =Results!AO291 | V13: =Results!AO309 | W13: =Results!AO327 | X13: =Results!AO345
B14: ='Sample ID'!D14 -> A 7-12 | C14: ='Sample ID'!E14 -> 0 | D14: ='Sample ID'!F14 -> 0 | E14: =C14 & " - DF " & D14 -> 0 - DF 0 | F14: =Results!AO23 -> 0 | G14: =Results!AO41 | H14: =Results!AO59 | I14: =Results!AO77 | J14: =Results!AO95 | K14: =Results!AO113 | L14: =Results!AO131 | M14: =Results!AO149 | N14: =Results!AO167 | O14: =Results!AO185 | P14: =Results!AO203 | Q14: =Results!AO221 | R14: =Results!AO239 | S14: =Results!AO257 | T14: =Results!AO275 | U14: =Results!AO293 | V14: =Results!AO311 | W14: =Results!AO329 | X14: =Results!AO347
B15: ='Sample ID'!D15 -> B 7-12 | C15: ='Sample ID'!E15 -> 0 | D15: ='Sample ID'!F15 -> 0 | E15: =C15 & " - DF " & D15 -> 0 - DF 0 | F15: =Results!AO24 -> 0 | G15: =Results!AO42 | H15: =Results!AO60 | I15: =Results!AO78 | J15: =Results!AO96 | K15: =Results!AO114 | L15: =Results!AO132 | M15: =Results!AO150 | N15: =Results!AO168 | O15: =Results!AO186 | P15: =Results!AO204 | Q15: =Results!AO222 | R15: =Results!AO240 | S15: =Results!AO258 | T15: =Results!AO276 | U15: =Results!AO294 | V15: =Results!AO312 | W15: =Results!AO330 | X15: =Results!AO348
B16: ='Sample ID'!D16 -> C7-12 | C16: ='Sample ID'!E16 -> 0 | D16: ='Sample ID'!F16 -> 0 | E16: =C16 & " - DF " & D16 -> 0 - DF 0 | F16: =Results!AO25 -> 0 | G16: =Results!AO43 | H16: =Results!AO61 | I16: =Results!AO79 | J16: =Results!AO97 | K16: =Results!AO115 | L16: =Results!AO133 | M16: =Results!AO151 | N16: =Results!AO169 | O16: =Results!AO187 | P16: =Results!AO205 | Q16: =Results!AO223 | R16: =Results!AO241 | S16: =Results!AO259 | T16: =Results!AO277 | U16: =Results!AO295 | V16: =Results!AO313 | W16: =Results!AO331 | X16: =Results!AO349
B17: ='Sample ID'!D17 -> D 7-12 | C17: ='Sample ID'!E17 -> 0 | D17: ='Sample ID'!F17 -> 0 | E17: =C17 & " - DF " & D17 -> 0 - DF 0 | F17: =Results!AO26 -> 0 | G17: =Results!AO44 | H17: =Results!AO62 | I17: =Results!AO80 | J17: =Results!AO98 | K17: =Results!AO116 | L17: =Results!AO134 | M17: =Results!AO152 | N17: =Results!AO170 | O17: =Results!AO188 | P17: =Results!AO206 | Q17: =Results!AO224 | R17: =Results!AO242 | S17: =Results!AO260 | T17: =Results!AO278 | U17: =Results!AO296 | V17: =Results!AO314 | W17: =Results!AO332 | X17: =Results!AO350
B18: ='Sample ID'!D18 -> E 7-12 | C18: ='Sample ID'!E18 -> 0 | D18: ='Sample ID'!F18 -> 0 | E18: =C18 & " - DF " & D18 -> 0 - DF 0 | F18: =Results!AO27 -> 0 | G18: =Results!AO45 | H18: =Results!AO63 | I18: =Results!AO81 | J18: =Results!AO99 | K18: =Results!AO117 | L18: =Results!AO135 | M18: =Results!AO153 | N18: =Results!AO171 | O18: =Results!AO189 | P18: =Results!AO207 | Q18: =Results!AO225 | R18: =Results!AO243 | S18: =Results!AO261 | T18: =Results!AO279 | U18: =Results!AO297 | V18: =Results!AO315 | W18: =Results!AO333 | X18: =Results!AO351
B19: ='Sample ID'!D19 -> F 7-12 | C19: ='Sample ID'!E19 -> 0 | D19: ='Sample ID'!F19 -> 0 | E19: =C19 & " - DF " & D19 -> 0 - DF 0 | F19: =Results!AO28 -> 0 | G19: =Results!AO46 | H19: =Results!AO64 | I19: =Results!AO82 | J19: =Results!AO100 | K19: =Results!AO118 | L19: =Results!AO136 | M19: =Results!AO154 | N19: =Results!AO172 | O19: =Results!AO190 | P19: =Results!AO208 | Q19: =Results!AO226 | R19: =Results!AO244 | S19: =Results!AO262 | T19: =Results!AO280 | U19: =Results!AO298 | V19: =Results!AO316 | W19: =Results!AO334 | X19: =Results!AO352
B20: ='Sample ID'!D20 -> G 7-12 | C20: ='Sample ID'!E20 -> 0 | D20: ='Sample ID'!F20 -> 0 | E20: =C20 & " - DF " & D20 -> 0 - DF 0 | F20: =Results!AO29 -> 0 | G20: =Results!AO47 | H20: =Results!AO65 | I20: =Results!AO83 | J20: =Results!AO101 | K20: =Results!AO119 | L20: =Results!AO137 | M20: =Results!AO155 | N20: =Results!AO173 | O20: =Results!AO191 | P20: =Results!AO209 | Q20: =Results!AO227 | R20: =Results!AO245 | S20: =Results!AO263 | T20: =Results!AO281 | U20: =Results!AO299 | V20: =Results!AO317 | W20: =Results!AO335 | X20: =Results!AO353
B21: ='Sample ID'!D21 -> H 7-12 | C21: ='Sample ID'!E21 -> 0 | D21: ='Sample ID'!F21 -> 0 | E21: =C21 & " - DF " & D21 -> 0 - DF 0 | F21: =Results!AO30 -> 0 | G21: =Results!AO48 | H21: =Results!AO66 | I21: =Results!AO84 | J21: =Results!AO102 | K21: =Results!AO120 | L21: =Results!AO138 | M21: =Results!AO156 | N21: =Results!AO174 | O21: =Results!AO192 | P21: =Results!AO210 | Q21: =Results!AO228 | R21: =Results!AO246 | S21: =Results!AO264 | T21: =Results!AO282 | U21: =Results!AO300 | V21: =Results!AO318 | W21: =Results!AO336 | X21: =Results!AO354
B23: No | C23: Sample ID | D23: Diluton Factor | E23: Graph Label | F23: 0 | G23: 5 | H23: 10 | I23: 15 | J23: 20 | K23: 25 | L23: 30 | M23: 35 | N23: 40 | O23: 45 | P23: 50 | Q23: 55 | R23: 60 | S23: 65 | T23: 70 | U23: 75 | V23: 80 | W23: 85 | X23: 90
B24: =B6 -> A 1-6 | C24: =C6 -> 484 | D24: =D6 -> 1 | E24: =E6 -> RKU43484.1 | F24: =Results!AP14 -> 0 | G24: =Results!AP32 -> 0.00089598722 | H24: =Results!AP50 -> 0.00028063325 | I24: =Results!AP68 -> 0.00081550131 | J24: =Results!AP86 -> 0.00033905298 | K24: =Results!AP104 -> 0.00038306446 | L24: =Results!AP122 -> 0.00023819632 | M24: =Results!AP140 -> 0.00038399452 | N24: =Results!AP158 -> 0.00018647488 | O24: =Results!AP176 -> 0.00021603157 | P24: =Results!AP194 -> 0.00020683752 | Q24: =Results!AP212 -> 0.00015307268 | R24: =Results!AP230 -> 6.342266e-05 | S24: =Results!AP248 -> 0.00015508683 | T24: =Results!AP266 -> 0.00013794097 | U24: =Results!AP284 | V24: =Results!AP302 | W24: =Results!AP320 | X24: =Results!AP338
B25: =B7 -> B 1-6 | C25: =C7 -> 548 | D25: =D7 -> 1 | E25: =E7 -> RKU40548.1 | F25: =Results!AP15 -> 0 | G25: =Results!AP33 -> 0.0012263632 | H25: =Results!AP51 -> 0.00079214877 | I25: =Results!AP69 -> 0.00035402058 | J25: =Results!AP87 -> 0.0002239968 | K25: =Results!AP105 -> 0.00015221438 | L25: =Results!AP123 -> 0.00018933848 | M25: =Results!AP141 -> 0.00017460187 | N25: =Results!AP159 -> 0.00014200386 | O25: =Results!AP177 -> 0.00025020503 | P25: =Results!AP195 -> 9.6163213e-05 | Q25: =Results!AP213 -> 0.00020265159 | R25: =Results!AP231 -> 0.00027181935 | S25: =Results!AP249 -> 0.00022191511 | T25: =Results!AP267 -> 0.00011224406 | U25: =Results!AP285 | V25: =Results!AP303 | W25: =Results!AP321 | X25: =Results!AP339
B26: =B8 -> C1-6 | C26: =C8 -> 716 | D26: =D8 -> 1 | E26: =E8 -> RKU46716.1 | F26: =Results!AP16 -> 0 | G26: =Results!AP34 -> 0.0013636842 | H26: =Results!AP52 -> 0.0010230736 | I26: =Results!AP70 -> 0.00037867695 | J26: =Results!AP88 -> 0.00038797385 | K26: =Results!AP106 -> 0.00057627435 | L26: =Results!AP124 -> 0.00038164701 | M26: =Results!AP142 -> 0.00055345266 | N26: =Results!AP160 -> 0.0004541537 | O26: =Results!AP178 -> 0.00030817237 | P26: =Results!AP196 -> 0.00014538511 | Q26: =Results!AP214 -> 0.0002081711 | R26: =Results!AP232 -> 0.00019321234 | S26: =Results!AP250 -> 0.00014855181 | T26: =Results!AP268 -> 0.00019091405 | U26: =Results!AP286 | V26: =Results!AP304 | W26: =Results!AP322 | X26: =Results!AP340
B27: =B9 -> D 1-6 | C27: =C9 -> 824 | D27: =D9 -> 1 | E27: =E9 -> RKU40824.1 | F27: =Results!AP17 -> 0 | G27: =Results!AP35 -> 0.00020161288 | H27: =Results!AP53 -> 0.0011625566 | I27: =Results!AP71 -> 0.00049499052 | J27: =Results!AP89 -> 0.0002557684 | K27: =Results!AP107 -> 0.00012263632 | L27: =Results!AP125 -> 0.00031116023 | M27: =Results!AP143 -> 0.00026436574 | N27: =Results!AP161 -> 0.00020279076 | O27: =Results!AP179 -> 8.8902922e-05 | P27: =Results!AP197 -> 0.00012096773 | Q27: =Results!AP215 -> 5.5743784e-05 | R27: =Results!AP233 -> 9.6879713e-05 | S27: =Results!AP251 -> 0.00012309635 | T27: =Results!AP269 -> 0.00010655708 | U27: =Results!AP287 | V27: =Results!AP305 | W27: =Results!AP323 | X27: =Results!AP341
B28: =B10 -> E 1-6 | C28: =C10 -> 437 | D28: =D10 -> 1 | E28: =E10 -> 437 - DF 1 | F28: =Results!AP18 -> 0 | G28: =Results!AP36 -> 0.0032005052 | H28: =Results!AP54 -> 0.00076107192 | I28: =Results!AP72 -> 0.00075660811 | J28: =Results!AP90 -> 0.00072034294 | K28: =Results!AP108 -> 0.00060718622 | L28: =Results!AP126 -> 0.00057247052 | M28: =Results!AP144 -> 0.00054704543 | N28: =Results!AP162 -> 0.00052622506 | O28: =Results!AP180 -> 0.0005248823 | P28: =Results!AP198 -> 0.00067630528 | Q28: =Results!AP216 -> 0.00063040254 | R28: =Results!AP234 -> 0.00058315699 | S28: =Results!AP252 -> 0.00069361272 | T28: =Results!AP270 -> 0.00071429868 | U28: =Results!AP288 | V28: =Results!AP306 | W28: =Results!AP324 | X28: =Results!AP342
B29: =B11 -> F 1-6 | C29: =C11 -> 0 | D29: =D11 -> 0 | E29: =E11 -> 0 - DF 0 | F29: =Results!AP19 -> 0 | G29: =Results!AP37 -> 0 | H29: =Results!AP55 -> 0 | I29: =Results!AP73 -> 0 | J29: =Results!AP91 -> 0 | K29: =Results!AP109 -> 0 | L29: =Results!AP127 -> 0 | M29: =Results!AP145 -> 0 | N29: =Results!AP163 -> 0 | O29: =Results!AP181 -> 0 | P29: =Results!AP199 -> 0 | Q29: =Results!AP217 -> 0 | R29: =Results!AP235 -> 0 | S29: =Results!AP253 -> 0 | T29: =Results!AP271 -> 0 | U29: =Results!AP289 | V29: =Results!AP307 | W29: =Results!AP325 | X29: =Results!AP343
B30: =B12 -> G 1-6 | C30: =C12 -> 0 | D30: =D12 -> 0 | E30: =E12 -> 0 - DF 0 | F30: =Results!AP20 -> 0 | G30: =Results!AP38 -> 0 | H30: =Results!AP56 -> 0 | I30: =Results!AP74 -> 0 | J30: =Results!AP92 -> 0 | K30: =Results!AP110 -> 0 | L30: =Results!AP128 -> 0 | M30: =Results!AP146 -> 0 | N30: =Results!AP164 -> 0 | O30: =Results!AP182 -> 0 | P30: =Results!AP200 -> 0 | Q30: =Results!AP218 -> 0 | R30: =Results!AP236 -> 0 | S30: =Results!AP254 -> 0 | T30: =Results!AP272 -> 0 | U30: =Results!AP290 | V30: =Results!AP308 | W30: =Results!AP326 | X30: =Results!AP344
B31: =B13 -> H 1-6 | C31: =C13 -> 0 | D31: =D13 -> 0 | E31: =E13 -> 0 - DF 0 | F31: =Results!AP21 -> 0 | G31: =Results!AP39 | H31: =Results!AP57 | I31: =Results!AP75 | J31: =Results!AP93 | K31: =Results!AP111 | L31: =Results!AP129 | M31: =Results!AP147 | N31: =Results!AP165 | O31: =Results!AP183 | P31: =Results!AP201 | Q31: =Results!AP219 | R31: =Results!AP237 | S31: =Results!AP255 | T31: =Results!AP273 | U31: =Results!AP291 | V31: =Results!AP309 | W31: =Results!AP327 | X31: =Results!AP345
B32: =B14 -> A 7-12 | C32: =C14 -> 0 | D32: =D14 -> 0 | E32: =E14 -> 0 - DF 0 | F32: =Results!AP23 -> 0 | G32: =Results!AP41 | H32: =Results!AP59 | I32: =Results!AP77 | J32: =Results!AP95 | K32: =Results!AP113 | L32: =Results!AP131 | M32: =Results!AP149 | N32: =Results!AP167 | O32: =Results!AP185 | P32: =Results!AP203 | Q32: =Results!AP221 | R32: =Results!AP239 | S32: =Results!AP257 | T32: =Results!AP275 | U32: =Results!AP293 | V32: =Results!AP311 | W32: =Results!AP329 | X32: =Results!AP347
B33: =B15 -> B 7-12 | C33: =C15 -> 0 | D33: =D15 -> 0 | E33: =E15 -> 0 - DF 0 | F33: =Results!AP24 -> 0 | G33: =Results!AP42 | H33: =Results!AP60 | I33: =Results!AP78 | J33: =Results!AP96 | K33: =Results!AP114 | L33: =Results!AP132 | M33: =Results!AP150 | N33: =Results!AP168 | O33: =Results!AP186 | P33: =Results!AP204 | Q33: =Results!AP222 | R33: =Results!AP240 | S33: =Results!AP258 | T33: =Results!AP276 | U33: =Results!AP294 | V33: =Results!AP312 | W33: =Results!AP330 | X33: =Results!AP348
B34: =B16 -> C7-12 | C34: =C16 -> 0 | D34: =D16 -> 0 | E34: =E16 -> 0 - DF 0 | F34: =Results!AP25 -> 0 | G34: =Results!AP43 | H34: =Results!AP61 | I34: =Results!AP79 | J34: =Results!AP97 | K34: =Results!AP115 | L34: =Results!AP133 | M34: =Results!AP151 | N34: =Results!AP169 | O34: =Results!AP187 | P34: =Results!AP205 | Q34: =Results!AP223 | R34: =Results!AP241 | S34: =Results!AP259 | T34: =Results!AP277 | U34: =Results!AP295 | V34: =Results!AP313 | W34: =Results!AP331 | X34: =Results!AP349
B35: =B17 -> D 7-12 | C35: =C17 -> 0 | D35: =D17 -> 0 | E35: =E17 -> 0 - DF 0 | F35: =Results!AP26 -> 0 | G35: =Results!AP44 | H35: =Results!AP62 | I35: =Results!AP80 | J35: =Results!AP98 | K35: =Results!AP116 | L35: =Results!AP134 | M35: =Results!AP152 | N35: =Results!AP170 | O35: =Results!AP188 | P35: =Results!AP206 | Q35: =Results!AP224 | R35: =Results!AP242 | S35: =Results!AP260 | T35: =Results!AP278 | U35: =Results!AP296 | V35: =Results!AP314 | W35: =Results!AP332 | X35: =Results!AP350
B36: =B18 -> E 7-12 | C36: =C18 -> 0 | D36: =D18 -> 0 | E36: =E18 -> 0 - DF 0 | F36: =Results!AP27 -> 0 | G36: =Results!AP45 | H36: =Results!AP63 | I36: =Results!AP81 | J36: =Results!AP99 | K36: =Results!AP117 | L36: =Results!AP135 | M36: =Results!AP153 | N36: =Results!AP171 | O36: =Results!AP189 | P36: =Results!AP207 | Q36: =Results!AP225 | R36: =Results!AP243 | S36: =Results!AP261 | T36: =Results!AP279 | U36: =Results!AP297 | V36: =Results!AP315 | W36: =Results!AP333 | X36: =Results!AP351
B37: =B19 -> F 7-12 | C37: =C19 -> 0 | D37: =D19 -> 0 | E37: =E19 -> 0 - DF 0 | F37: =Results!AP28 -> 0 | G37: =Results!AP46 | H37: =Results!AP64 | I37: =Results!AP82 | J37: =Results!AP100 | K37: =Results!AP118 | L37: =Results!AP136 | M37: =Results!AP154 | N37: =Results!AP172 | O37: =Results!AP190 | P37: =Results!AP208 | Q37: =Results!AP226 | R37: =Results!AP244 | S37: =Results!AP262 | T37: =Results!AP280 | U37: =Results!AP298 | V37: =Results!AP316 | W37: =Results!AP334 | X37: =Results!AP352
B38: =B20 -> G 7-12 | C38: =C20 -> 0 | D38: =D20 -> 0 | E38: =E20 -> 0 - DF 0 | F38: =Results!AP29 -> 0 | G38: =Results!AP47 | H38: =Results!AP65 | I38: =Results!AP83 | J38: =Results!AP101 | K38: =Results!AP119 | L38: =Results!AP137 | M38: =Results!AP155 | N38: =Results!AP173 | O38: =Results!AP191 | P38: =Results!AP209 | Q38: =Results!AP227 | R38: =Results!AP245 | S38: =Results!AP263 | T38: =Results!AP281 | U38: =Results!AP299 | V38: =Results!AP317 | W38: =Results!AP335 | X38: =Results!AP353
B39: =B21 -> H 7-12 | C39: =C21 -> 0 | D39: =D21 -> 0 | E39: =E21 -> 0 - DF 0 | F39: =Results!AP30 -> 0 | G39: =Results!AP48 | H39: =Results!AP66 | I39: =Results!AP84 | J39: =Results!AP102 | K39: =Results!AP120 | L39: =Results!AP138 | M39: =Results!AP156 | N39: =Results!AP174 | O39: =Results!AP192 | P39: =Results!AP210 | Q39: =Results!AP228 | R39: =Results!AP246 | S39: =Results!AP264 | T39: =Results!AP282 | U39: =Results!AP300 | V39: =Results!AP318 | W39: =Results!AP336 | X39: =Results!AP354

Sheet Activity Summary
B3: Activity (mg/ml/min)
B5: No | C5: Sample ID | D5: Diluton Factor | E5: Graph Label | F5: Max actv (U/mL)
B6: ='Sample ID'!D6 -> A 1-6 | C6: ='Sample ID'!E6 -> 484 | D6: ='Sample ID'!F6 -> 1 | E6: ='Activity (mg ml min)'!E6 -> RKU43484.1 | F6: =MAX('Activity (mg ml min)'!H6:X6) -> 0.0015486726
B7: ='Sample ID'!D7 -> B 1-6 | C7: ='Sample ID'!E7 -> 548 | D7: ='Sample ID'!F7 -> 1 | E7: ='Activity (mg ml min)'!E7 -> RKU40548.1 | F7: =MAX('Activity (mg ml min)'!H7:X7) -> -0.00073901242
B8: ='Sample ID'!D8 -> C1-6 | C8: ='Sample ID'!E8 -> 716 | D8: ='Sample ID'!F8 -> 1 | E8: ='Activity (mg ml min)'!E8 -> RKU46716.1 | F8: =MAX('Activity (mg ml min)'!H8:X8) -> 0.00021295727 | G8: ='Activity (mg ml min)'!K26 -> 0.00057627435
B9: ='Sample ID'!D9 -> D 1-6 | C9: ='Sample ID'!E9 -> 824 | D9: ='Sample ID'!F9 -> 1 | E9: ='Activity (mg ml min)'!E9 -> RKU40824.1 | F9: =MAX('Activity (mg ml min)'!H9:X9) -> -0.0030815424
B10: ='Sample ID'!D10 -> E 1-6 | C10: ='Sample ID'!E10 -> 437 | D10: ='Sample ID'!F10 -> 1 | E10: ='Activity (mg ml min)'!E10 -> 437 - DF 1 | F10: =MAX('Activity (mg ml min)'!H10:X10) -> -0.0012502789 | G10: ='Activity (mg ml min)'!J28 -> 0.00072034294
B11: ='Sample ID'!D11 -> F 1-6 | C11: ='Sample ID'!E11 -> 0 | D11: ='Sample ID'!F11 -> 0 | E11: ='Activity (mg ml min)'!E11 -> 0 - DF 0 | F11: =MAX('Activity (mg ml min)'!H11:X11) -> 0 | G11: ='Activity (mg ml min)'!H29 -> 0
B12: ='Sample ID'!D12 -> G 1-6 | C12: ='Sample ID'!E12 -> 0 | D12: ='Sample ID'!F12 -> 0 | E12: ='Activity (mg ml min)'!E12 -> 0 - DF 0 | F12: =MAX('Activity (mg ml min)'!F12:X12) -> 0
B13: ='Sample ID'!D13 -> H 1-6 | C13: ='Sample ID'!E13 -> 0 | D13: ='Sample ID'!F13 -> 0 | E13: ='Activity (mg ml min)'!E13 -> 0 - DF 0 | F13: =MAX('Activity (mg ml min)'!F13:X13) -> 0
B14: ='Sample ID'!D14 -> A 7-12 | C14: ='Sample ID'!E14 -> 0 | D14: ='Sample ID'!F14 -> 0 | E14: ='Activity (mg ml min)'!E14 -> 0 - DF 0 | F14: =MAX('Activity (mg ml min)'!F14:X14) -> 0
B15: ='Sample ID'!D15 -> B 7-12 | C15: ='Sample ID'!E15 -> 0 | D15: ='Sample ID'!F15 -> 0 | E15: ='Activity (mg ml min)'!E15 -> 0 - DF 0 | F15: =MAX('Activity (mg ml min)'!F15:X15) -> 0
B16: ='Sample ID'!D16 -> C7-12 | C16: ='Sample ID'!E16 -> 0 | D16: ='Sample ID'!F16 -> 0 | E16: ='Activity (mg ml min)'!E16 -> 0 - DF 0 | F16: =MAX('Activity (mg ml min)'!F16:X16) -> 0
B17: ='Sample ID'!D17 -> D 7-12 | C17: ='Sample ID'!E17 -> 0 | D17: ='Sample ID'!F17 -> 0 | E17: ='Activity (mg ml min)'!E17 -> 0 - DF 0 | F17: =MAX('Activity (mg ml min)'!F17:X17) -> 0
B18: ='Sample ID'!D18 -> E 7-12 | C18: ='Sample ID'!E18 -> 0 | D18: ='Sample ID'!F18 -> 0 | E18: ='Activity (mg ml min)'!E18 -> 0 - DF 0 | F18: =MAX('Activity (mg ml min)'!F18:X18) -> 0
B19: ='Sample ID'!D19 -> F 7-12 | C19: ='Sample ID'!E19 -> 0 | D19: ='Sample ID'!F19 -> 0 | E19: ='Activity (mg ml min)'!E19 -> 0 - DF 0 | F19: =MAX('Activity (mg ml min)'!F19:X19) -> 0
B20: ='Sample ID'!D20 -> G 7-12 | C20: ='Sample ID'!E20 -> 0 | D20: ='Sample ID'!F20 -> 0 | E20: ='Activity (mg ml min)'!E20 -> 0 - DF 0 | F20: =MAX('Activity (mg ml min)'!F20:X20) -> 0
B21: ='Sample ID'!D21 -> H 7-12 | C21: ='Sample ID'!E21 -> 0 | D21: ='Sample ID'!F21 -> 0 | E21: ='Activity (mg ml min)'!E21 -> 0 - DF 0 | F21: =MAX('Activity (mg ml min)'!F21:X21) -> 0
